group,item,value
2202,115,15
2202,246,23
2202,287,18
2202,380,6
2202,291,12
2202,1,21
2202,281,21
2202,344,55
2202,108,25
2202,3,21
2202,213,5
2202,154,10
2202,122,23
2202,177,34
2202,120,14
2202,170,21
2202,13,6
2202,99,16
2202,137,29
2202,129,11
2202,252,19
2202,341,8
2202,107,61
2202,381,11
2202,307,4
2202,189,42
2202,7,37
2202,141,12
2202,337,81
2202,206,111
2202,285,22
2202,160,10
2202,391,4
2202,37,4
2202,72,6
2202,60,6
2202,211,55
2202,59,15
2202,273,16
2202,266,10
2202,250,18
2202,39,4
2202,2,8
2202,236,4
2202,200,11
2202,46,22
2202,193,8
2202,261,18
2202,79,10
2202,248,6
2202,338,12
2202,10,10
2202,65,28
2202,187,10
2202,16,26
2202,166,20
2202,233,10
2202,155,6
2202,198,8
2202,36,11
2202,332,25
2202,61,8
2202,372,4
2202,383,11
2202,358,10
2202,376,19
2202,0,9
2202,238,43
2202,202,11
2202,277,55
2202,232,48
2202,294,4
2202,310,44
2202,300,15
2202,298,22
2202,235,9
2202,96,4
2202,245,18
2202,130,15
2202,299,42
2202,282,29
2202,379,17
2202,197,49
2202,118,125
2202,251,11
2202,33,18
2202,369,6
2202,224,6
2202,5,4
2202,105,5
2202,323,96
2202,342,8
2202,209,4
2202,357,33
2202,192,6
2202,114,6
2202,139,6
2203,130,12
2203,206,12
2203,305,12
2204,60,16
2204,344,12
2204,170,12
2204,122,17
2204,177,27
2204,11,8
2204,216,6
2204,53,10
2204,298,12
2204,115,13
2204,2,13
2204,206,48
2204,139,12
2204,141,13
2204,79,14
2204,248,12
2204,108,14
2204,13,6
2204,332,8
2204,310,20
2204,282,23
2204,154,12
2204,166,70
2204,337,39
2204,189,23
2204,287,17
2204,233,12
2204,118,32
2204,130,20
2204,147,8
2204,380,10
2204,16,15
2204,1,11
2204,261,10
2204,39,8
2204,137,14
2204,376,15
2204,142,20
2204,285,14
2204,61,15
2204,187,18
2204,200,15
2204,3,8
2204,99,16
2204,33,10
2204,230,10
2204,257,10
2204,277,24
2204,197,31
2204,5,14
2204,46,16
2205,50,14
2205,337,12
2206,295,6
2206,76,5
2206,50,6
2206,216,4
2206,376,9
2206,386,6
2206,337,5
2206,118,5
2206,177,21
2206,258,4
2206,170,7
2206,253,6
2206,187,13
2206,302,8
2206,90,8
2206,99,6
2206,154,6
2207,257,38
2207,166,8
2207,147,10
2207,157,18
2207,2,10
2207,99,51
2207,174,8
2207,25,8
2207,383,12
2207,54,12
2207,44,8
2207,191,8
2207,356,8
2207,305,20
2207,9,12
2207,243,10
2207,177,20
2207,52,18
2207,230,10
2208,376,21
2208,21,9
2208,101,17
2209,187,6
2209,305,11
2209,177,8
2209,380,7
2210,99,21
2210,197,28
2210,277,24
2210,376,22
2210,337,47
2210,170,17
2210,344,15
2210,261,20
2210,108,20
2210,118,41
2210,177,41
2210,115,20
2210,248,18
2210,246,22
2210,206,80
2210,202,12
2210,166,28
2210,211,17
2211,147,6
2211,189,6
2211,331,8
2211,150,4
2211,330,6
2211,380,9
2211,177,13
2211,302,10
2211,106,6
2211,257,6
2211,390,6
2211,50,6
2212,257,26
2212,99,33
2212,52,13
2212,157,10
2212,383,12
2212,305,15
2212,147,13
2213,115,9
2214,108,15
2214,380,17
2214,206,19
2214,376,13
2214,115,13
2214,248,10
2214,177,20
2215,13,6
2215,37,7
2215,334,6
2215,313,6
2215,324,6
2215,337,6
2215,187,7
2215,79,15
2215,99,7
2215,177,6
2215,235,6
2215,357,6
2215,383,6
2215,142,9
2215,211,6
2215,323,6
2215,252,6
2215,213,6
2215,277,6
2215,197,13
2215,107,6
2215,10,8
2215,344,6
2215,232,6
2215,166,9
2215,46,9
2215,294,11
2215,154,9
2215,385,6
2215,72,7
2215,32,6
2215,338,6
2215,300,6
2215,310,8
2215,246,7
2215,379,6
2215,7,7
2215,369,6
2215,170,8
2215,96,7
2215,342,6
2215,251,7
2215,303,15
2215,149,6
2215,59,6
2215,18,6
2215,285,6
2215,118,10
2215,238,6
2215,15,6
2215,273,6
2215,206,7
2215,332,6
2215,391,6
2215,114,6
2215,54,12
2215,287,7
2215,326,6
2215,261,8
2215,304,6
2215,122,6
2216,376,21
2216,206,49
2216,248,14
2216,177,37
2216,115,16
2216,108,17
2216,166,22
2217,177,39
2217,376,32
2217,46,25
2217,310,35
2217,2,18
2217,99,33
2217,266,16
2217,282,31
2217,298,23
2217,248,14
2217,108,24
2217,285,24
2217,115,19
2217,344,33
2217,130,29
2217,206,60
2217,187,32
2217,337,58
2217,380,33
2217,277,36
2217,197,42
2217,61,19
2218,167,18
2218,277,25
2218,243,18
2218,157,17
2218,60,18
2218,298,18
2218,147,27
2218,61,17
2218,197,22
2218,206,25
2218,230,36
2218,9,17
2218,53,19
2218,54,12
2218,11,13
2218,200,25
2218,94,12
2218,52,19
2218,282,24
2218,215,16
2218,344,10
2218,287,19
2218,130,30
2218,305,24
2218,201,12
2218,257,61
2218,166,91
2218,270,24
2218,1,10
2218,141,20
2218,189,23
2218,30,12
2218,122,19
2218,2,21
2218,27,10
2218,142,38
2218,12,10
2218,118,19
2218,380,20
2218,123,15
2218,99,69
2218,177,43
2218,198,24
2218,187,29
2219,142,20
2219,197,28
2219,166,60
2219,187,20
2220,187,29
2220,166,36
2220,375,28
2220,298,28
2220,53,32
2220,61,32
2220,142,29
2220,230,32
2220,257,32
2220,167,28
2220,216,28
2221,117,6
2221,263,4
2221,99,4
2221,306,5
2221,27,9
2221,234,4
2221,152,6
2221,15,5
2221,305,6
2221,178,6
2221,2,4
2221,187,7
2221,177,9
2221,333,4
2221,118,4
2221,130,6
2221,307,5
2221,180,4
2221,390,6
2221,344,4
2221,207,5
2221,364,4
2221,50,9
2221,380,8
2221,270,7
2221,4,4
2221,256,7
2222,120,14
2222,130,23
2222,344,19
2222,108,20
2222,379,16
2222,337,40
2222,36,16
2222,122,21
2222,79,17
2222,246,17
2222,33,17
2222,197,32
2222,211,18
2222,189,20
2222,1,14
2222,300,17
2222,137,18
2222,206,53
2222,129,12
2222,166,41
2222,250,13
2222,187,20
2222,310,32
2222,202,15
2222,200,16
2222,154,15
2222,107,12
2222,115,17
2222,46,20
2222,285,18
2222,376,21
2222,277,25
2222,252,17
2222,287,27
2222,332,19
2222,3,14
2222,383,17
2222,177,29
2222,299,13
2222,251,15
2222,59,16
2222,323,14
2222,118,40
2222,357,20
2222,238,13
2222,99,25
2222,170,18
2222,232,14
2222,273,19
2222,65,14
2223,8,5
2223,326,14
2223,187,66
2223,148,4
2223,300,17
2223,33,18
2223,163,20
2223,129,12
2223,72,13
2223,16,20
2223,236,10
2223,303,18
2223,313,21
2223,94,33
2223,200,40
2223,191,5
2223,50,27
2223,190,9
2223,38,5
2223,60,41
2223,189,73
2223,298,48
2223,159,4
2223,309,4
2223,201,14
2223,41,6
2223,271,5
2223,62,4
2223,174,4
2223,143,4
2223,115,8
2223,37,8
2223,383,24
2223,73,8
2223,281,12
2223,375,14
2223,304,11
2223,216,9
2223,233,10
2223,268,5
2223,256,6
2223,3,20
2223,251,18
2223,46,32
2223,250,14
2223,340,8
2223,235,10
2223,168,4
2223,197,96
2223,208,24
2223,339,10
2223,122,51
2223,52,12
2223,230,15
2223,99,83
2223,319,4
2223,277,61
2223,294,19
2223,13,12
2223,120,16
2223,154,23
2223,376,20
2223,198,17
2223,288,8
2223,393,4
2223,278,5
2223,160,8
2223,299,27
2223,257,35
2223,153,4
2223,169,8
2223,282,68
2223,193,7
2223,338,7
2223,96,8
2223,337,51
2223,222,9
2223,341,4
2223,344,55
2223,18,6
2223,176,7
2223,1,51
2223,318,7
2223,57,4
2223,332,18
2223,105,18
2223,59,17
2223,67,7
2223,243,9
2223,209,16
2223,27,18
2223,178,29
2223,54,20
2223,181,7
2223,357,43
2223,65,24
2223,118,58
2223,246,33
2223,44,4
2223,379,10
2223,333,21
2223,239,9
2223,61,17
2223,9,15
2223,133,20
2223,202,8
2223,335,33
2223,280,6
2223,307,17
2223,6,4
2223,79,29
2223,5,16
2223,19,4
2223,323,66
2223,114,4
2223,137,27
2223,147,33
2223,152,43
2223,254,8
2223,107,37
2223,308,4
2223,296,7
2223,310,62
2223,215,10
2223,330,22
2223,305,56
2223,91,4
2223,177,61
2223,142,65
2223,15,6
2223,266,7
2223,51,6
2223,259,4
2223,285,23
2223,287,82
2223,321,5
2223,238,21
2223,139,15
2223,380,24
2223,53,18
2223,370,4
2223,39,9
2223,167,32
2223,95,13
2223,213,7
2223,116,16
2223,265,4
2223,20,4
2223,252,20
2223,130,83
2223,108,20
2223,141,13
2223,293,12
2223,358,10
2223,311,14
2223,158,4
2223,75,4
2223,211,35
2223,170,17
2223,263,6
2223,157,45
2223,2,28
2223,25,4
2223,7,35
2223,30,21
2223,36,7
2223,101,5
2223,124,8
2223,261,9
2223,84,6
2223,12,6
2223,273,17
2223,270,23
2223,45,25
2223,10,16
2223,232,25
2224,350,14
2224,50,18
2224,237,14
2225,177,28
2225,248,20
2225,376,28
2225,206,31
2225,108,22
2225,115,20
2226,18,16
2226,187,32
2226,261,18
2226,79,51
2226,15,12
2226,337,33
2226,273,24
2226,300,20
2226,149,12
2226,166,34
2226,304,12
2226,33,11
2226,235,17
2226,130,12
2226,287,23
2226,383,18
2226,232,21
2226,32,11
2226,323,26
2226,251,16
2226,197,66
2226,252,27
2226,7,15
2226,334,17
2226,170,23
2226,246,22
2226,72,15
2226,10,16
2226,65,9
2226,154,28
2226,59,15
2226,122,23
2226,369,17
2226,46,28
2226,107,19
2226,277,26
2226,342,16
2226,238,14
2226,37,15
2226,313,16
2226,338,13
2226,200,13
2226,177,32
2226,324,17
2226,206,31
2226,357,27
2226,211,29
2226,96,15
2226,114,12
2226,99,27
2226,54,26
2226,303,24
2226,310,30
2226,142,22
2226,285,26
2226,13,14
2226,189,16
2226,391,15
2226,294,24
2226,213,14
2226,379,14
2226,385,12
2226,326,21
2226,332,16
2226,282,11
2226,118,47
2226,344,29
2227,337,28
2227,115,22
2227,246,19
2227,252,16
2227,36,16
2227,107,18
2227,299,18
2227,65,16
2227,1,16
2227,120,18
2227,170,18
2227,33,17
2227,344,21
2227,376,26
2227,129,18
2227,238,16
2227,108,22
2227,277,21
2227,332,18
2227,273,16
2227,211,18
2227,383,17
2227,197,29
2227,357,18
2227,118,31
2227,130,16
2227,379,17
2227,79,16
2227,285,18
2227,177,33
2227,250,16
2227,323,16
2227,202,17
2227,137,19
2227,99,17
2227,206,45
2227,300,18
2227,122,17
2227,46,20
2227,166,12
2227,310,21
2227,3,17
2227,248,10
2227,287,17
2227,200,16
2227,187,19
2227,59,16
2227,189,20
2227,251,16
2227,154,16
2227,232,16
2228,161,4
2228,99,13
2228,330,47
2228,9,7
2228,389,6
2228,305,12
2228,270,8
2228,335,4
2228,38,5
2228,263,10
2228,328,4
2228,93,4
2228,167,9
2228,240,4
2228,373,5
2228,264,12
2228,177,16
2228,91,7
2228,2,6
2228,344,4
2228,67,5
2228,314,7
2228,293,7
2228,280,6
2228,163,7
2228,130,22
2228,365,6
2228,380,24
2228,148,7
2228,313,10
2228,27,17
2228,376,4
2228,124,7
2228,325,10
2228,208,7
2228,142,12
2228,23,4
2228,357,7
2228,100,4
2228,207,23
2228,178,9
2228,118,12
2228,19,5
2228,339,9
2228,348,10
2228,57,5
2228,183,5
2228,165,4
2228,152,30
2228,189,13
2228,94,6
2228,364,4
2228,256,4
2228,234,4
2228,51,13
2228,64,6
2228,35,6
2228,304,4
2228,206,6
2228,147,4
2228,246,17
2228,117,10
2228,307,13
2228,101,16
2228,4,4
2228,388,4
2228,60,6
2228,122,6
2228,166,6
2228,341,4
2228,105,6
2228,150,4
2228,367,7
2228,312,5
2228,180,4
2228,1,9
2228,50,18
2228,176,5
2228,333,12
2228,15,5
2228,55,5
2228,277,4
2228,75,7
2228,390,6
2228,8,15
2228,209,5
2228,181,6
2229,300,17
2229,115,17
2229,3,17
2229,16,8
2229,137,9
2229,310,24
2229,261,4
2229,211,15
2229,282,19
2229,33,17
2229,304,9
2229,277,21
2229,50,7
2229,52,8
2229,291,8
2229,376,26
2229,12,4
2229,154,14
2229,323,8
2229,187,27
2229,319,4
2229,230,5
2229,61,7
2229,60,11
2229,59,11
2229,299,7
2229,273,13
2229,246,14
2229,251,14
2229,18,4
2229,107,7
2229,54,16
2229,2,12
2229,170,12
2229,94,5
2229,202,15
2229,157,9
2229,200,18
2229,253,4
2229,270,11
2229,90,5
2229,252,12
2229,177,34
2229,232,7
2229,379,7
2229,238,8
2229,243,6
2229,65,13
2229,340,7
2229,99,32
2229,307,5
2229,326,11
2229,29,4
2229,142,13
2229,383,13
2229,129,8
2229,120,12
2229,122,14
2229,209,10
2229,208,6
2229,245,9
2229,236,14
2229,298,16
2229,166,18
2229,130,23
2229,380,15
2229,294,10
2229,84,6
2229,287,15
2229,105,10
2229,141,8
2229,189,15
2229,206,32
2229,108,18
2229,248,6
2229,250,7
2229,341,4
2229,73,7
2229,79,6
2229,118,29
2229,7,6
2229,357,28
2229,386,9
2229,9,6
2229,285,13
2229,337,24
2229,266,5
2229,158,5
2229,302,4
2229,46,17
2229,257,16
2229,167,8
2229,198,5
2229,36,13
2229,1,14
2229,344,18
2229,197,20
2229,335,6
2229,332,7
2229,305,19
2229,147,18
2229,53,5
2230,139,8
2230,99,21
2230,154,12
2230,105,6
2230,257,4
2230,117,4
2230,342,4
2230,248,4
2230,197,40
2230,310,10
2230,266,4
2230,376,9
2230,375,6
2230,369,5
2230,141,9
2230,177,32
2230,232,6
2230,46,11
2230,13,8
2230,10,7
2230,380,9
2230,122,12
2230,323,4
2230,202,4
2230,60,12
2230,72,9
2230,142,33
2230,282,20
2230,277,18
2230,238,4
2230,61,12
2230,344,11
2230,313,8
2230,189,13
2230,287,21
2230,187,19
2230,167,11
2230,37,6
2230,166,33
2230,108,6
2230,261,12
2230,107,4
2230,273,6
2230,33,8
2230,332,7
2230,30,8
2230,300,6
2230,1,9
2230,115,6
2230,303,10
2230,341,4
2230,130,28
2230,246,12
2230,383,5
2230,200,15
2230,5,12
2230,7,6
2230,357,8
2230,211,6
2230,54,9
2230,206,31
2230,230,5
2230,307,4
2230,208,10
2230,252,6
2230,53,4
2230,337,14
2230,79,20
2230,251,6
2230,96,6
2230,338,4
2230,216,6
2230,2,12
2230,294,8
2230,59,6
2230,118,17
2230,170,16
2230,16,8
2230,379,4
2230,233,9
2230,137,10
2230,305,16
2230,391,4
2230,285,10
2230,94,5
2230,298,14
2230,39,8
2230,147,12
2231,376,29
2231,248,20
2231,99,16
2231,108,27
2231,202,12
2231,206,50
2231,261,15
2231,177,52
2231,115,24
2231,166,22
2231,170,17
2232,337,11
2232,177,15
2232,127,4
2232,69,4
2232,115,7
2232,320,6
2232,206,9
2232,310,9
2232,50,7
2232,304,6
2232,105,7
2232,380,7
2232,270,15
2233,79,6
2233,293,10
2233,142,33
2233,61,17
2233,99,28
2233,208,6
2233,130,13
2233,30,21
2233,187,40
2233,277,16
2233,189,17
2233,177,18
2233,287,9
2233,305,63
2233,357,10
2233,147,14
2233,206,16
2233,246,20
2233,118,14
2233,166,35
2233,197,24
2233,375,22
2233,200,14
2233,2,20
2233,157,11
2234,50,30
2234,376,31
2234,177,66
2235,230,18
2235,305,27
2235,52,27
2235,99,55
2235,257,47
2235,116,19
2235,9,22
2235,54,19
2235,383,21
2235,166,18
2235,157,27
2236,278,10
2236,60,8
2236,147,11
2236,174,10
2236,191,11
2236,230,11
2236,157,18
2236,116,9
2236,344,8
2236,305,32
2236,44,10
2236,52,18
2236,200,9
2236,356,8
2236,111,14
2236,166,8
2236,243,10
2236,41,10
2236,177,25
2236,99,59
2236,383,21
2236,239,8
2236,257,45
2236,62,8
2236,25,8
2237,147,16
2237,230,12
2237,298,5
2237,1,4
2237,311,6
2237,305,7
2237,345,5
2237,257,17
2237,189,11
2237,215,8
2237,309,7
2237,122,6
2237,166,20
2237,33,4
2237,130,7
2237,206,8
2237,187,9
2237,198,4
2237,200,10
2237,29,4
2237,50,6
2237,167,6
2237,330,4
2237,270,6
2237,137,6
2237,105,5
2237,142,10
2237,141,9
2237,117,4
2237,99,10
2237,216,4
2237,380,9
2237,197,4
2237,277,6
2237,344,6
2237,11,7
2237,53,7
2237,5,6
2237,177,18
2238,177,19
2238,50,12
2239,187,12
2239,376,11
2239,177,30
2239,295,8
2239,50,8
2240,108,17
2240,243,10
2240,122,30
2240,300,13
2240,375,15
2240,53,12
2240,285,24
2240,305,32
2240,33,19
2240,257,30
2240,154,16
2240,298,27
2240,187,46
2240,209,11
2240,252,8
2240,273,8
2240,79,15
2240,5,15
2240,337,43
2240,60,27
2240,147,27
2240,166,47
2240,383,11
2240,202,8
2240,380,23
2240,310,29
2240,46,28
2240,39,10
2240,357,17
2240,246,16
2240,142,43
2240,105,15
2240,130,48
2240,99,52
2240,208,18
2240,344,37
2240,118,49
2240,376,21
2240,307,15
2240,270,18
2240,277,37
2240,2,26
2240,8,9
2240,230,13
2240,16,22
2240,170,22
2240,216,8
2240,115,15
2240,177,66
2240,282,47
2240,311,15
2240,233,13
2240,137,22
2240,139,12
2240,215,10
2240,167,22
2240,1,17
2240,197,57
2240,236,11
2240,266,8
2240,189,38
2240,65,15
2240,248,10
2240,157,11
2240,287,32
2240,141,21
2240,200,29
2240,61,20
2240,206,75
2241,216,14
2241,375,14
2241,142,24
2241,60,14
2241,298,14
2241,166,31
2241,167,14
2241,189,16
2241,157,16
2241,197,17
2241,46,14
2241,187,27
2242,115,9
2243,170,11
2243,9,17
2243,167,11
2243,383,25
2243,213,4
2243,4,4
2243,330,14
2243,335,10
2243,362,6
2243,84,11
2243,215,9
2243,236,12
2243,16,9
2243,33,14
2243,337,32
2243,376,26
2243,271,4
2243,351,5
2243,105,6
2243,27,5
2243,137,17
2243,152,12
2243,309,4
2243,294,12
2243,278,4
2243,73,7
2243,245,7
2243,150,4
2243,393,6
2243,246,24
2243,189,25
2243,1,23
2243,55,5
2243,120,7
2243,250,9
2243,277,28
2243,61,8
2243,54,11
2243,30,7
2243,190,8
2243,332,8
2243,122,21
2243,287,16
2243,174,4
2243,166,22
2243,164,5
2243,191,4
2243,233,5
2243,177,38
2243,380,21
2243,341,9
2243,46,10
2243,13,6
2243,200,18
2243,282,22
2243,339,7
2243,187,29
2243,5,7
2243,62,7
2243,238,15
2243,286,8
2243,181,11
2243,298,17
2243,141,15
2243,157,16
2243,94,18
2243,50,13
2243,65,12
2243,265,4
2243,51,6
2243,251,13
2243,129,6
2243,6,4
2243,340,7
2243,257,25
2243,392,4
2243,12,4
2243,323,30
2243,143,5
2243,208,5
2243,159,4
2243,59,18
2243,198,10
2243,79,9
2243,235,8
2243,52,16
2243,273,6
2243,3,17
2243,107,36
2243,367,5
2243,307,9
2243,248,4
2243,60,17
2243,285,11
2243,2,14
2243,154,18
2243,108,17
2243,158,10
2243,243,7
2243,7,12
2243,305,27
2243,270,19
2243,379,9
2243,162,4
2243,230,7
2243,115,14
2243,310,26
2243,209,18
2243,357,22
2243,101,5
2243,299,15
2243,252,7
2243,130,28
2243,44,7
2243,344,35
2243,280,6
2243,183,4
2243,142,11
2243,45,9
2243,147,17
2243,116,8
2243,232,16
2243,313,10
2243,202,13
2243,300,21
2243,118,57
2243,370,4
2243,151,6
2243,211,16
2243,99,48
2243,304,12
2243,53,6
2243,222,7
2243,326,7
2243,206,61
2243,333,4
2243,197,26
2243,239,9
2243,169,6
2243,36,10
2244,166,10
2244,305,4
2244,147,4
2244,326,6
2244,295,4
2244,236,4
2244,277,7
2244,167,4
2244,187,13
2244,54,4
2244,33,4
2244,257,4
2244,206,9
2244,258,4
2244,200,8
2244,282,7
2244,337,10
2244,130,9
2244,310,8
2244,197,8
2244,298,8
2244,118,8
2244,302,4
2244,46,8
2244,18,4
2244,357,4
2244,177,17
2244,170,7
2244,216,6
2244,99,7
2244,50,6
2244,142,6
2244,108,6
2244,376,9
2245,305,33
2245,33,17
2245,298,32
2245,2,25
2245,177,45
2245,105,22
2245,142,82
2245,375,25
2245,167,29
2245,53,34
2245,337,29
2245,118,27
2245,166,76
2245,5,22
2245,130,50
2245,46,25
2245,122,26
2245,187,55
2245,201,22
2245,257,47
2245,200,28
2245,230,34
2245,197,55
2245,206,40
2245,287,42
2245,60,30
2245,270,22
2245,282,42
2245,99,46
2245,61,33
2245,29,14
2245,311,24
2245,147,41
2245,216,22
2245,189,41
2245,11,17
2245,208,26
2245,277,30
2246,300,16
2246,50,10
2246,236,10
2246,130,10
2246,108,8
2246,197,28
2246,105,13
2246,344,19
2246,187,14
2246,182,22
2246,337,10
2246,335,10
2246,380,23
2247,309,4
2247,110,6
2247,144,5
2247,367,4
2247,191,10
2247,9,7
2247,230,9
2247,147,4
2247,138,4
2247,321,7
2247,162,7
2247,392,6
2247,298,15
2247,293,7
2247,117,4
2247,99,11
2247,305,4
2247,257,8
2247,390,4
2247,272,4
2247,164,4
2247,233,7
2247,94,4
2248,130,14
2248,1,17
2248,9,19
2248,122,14
2248,50,13
2248,305,21
2248,181,17
2248,222,15
2248,157,22
2248,12,10
2248,383,18
2248,239,14
2248,246,16
2248,30,14
2248,60,14
2248,177,20
2248,190,14
2248,307,10
2248,169,14
2248,310,15
2248,45,14
2248,339,14
2248,206,14
2248,167,14
2248,118,14
2248,282,14
2248,270,15
2248,152,17
2248,300,14
2248,357,15
2248,344,14
2248,326,14
2248,209,14
2248,335,14
2248,230,10
2248,116,15
2248,54,11
2248,380,17
2248,376,17
2248,257,16
2248,52,14
2248,189,14
2248,142,14
2248,99,27
2248,277,14
2248,330,16
2248,94,15
2249,33,13
2249,206,9
2249,62,8
2249,137,12
2249,360,8
2249,310,33
2249,118,72
2249,105,13
2249,344,24
2249,376,18
2249,108,9
2249,270,34
2249,99,8
2249,379,10
2249,209,28
2249,282,16
2249,319,12
2249,117,8
2249,130,14
2249,325,8
2249,66,8
2249,335,8
2249,246,10
2249,305,12
2249,50,36
2249,152,8
2249,296,10
2249,380,22
2249,337,6
2249,198,8
2249,177,31
2250,206,33
2250,305,37
2250,46,19
2250,33,25
2250,187,47
2250,216,24
2250,282,40
2250,177,84
2250,2,18
2250,270,20
2250,53,33
2250,257,66
2250,337,20
2250,29,17
2250,61,27
2250,27,17
2250,142,71
2250,201,16
2250,130,34
2250,200,34
2250,118,23
2250,215,21
2250,243,18
2250,141,24
2250,105,17
2250,198,21
2250,99,49
2250,287,30
2250,122,20
2250,277,35
2250,147,50
2250,117,19
2250,298,28
2250,166,162
2250,5,38
2250,123,16
2250,285,20
2250,197,21
2250,189,35
2250,208,21
2250,137,15
2250,11,28
2250,380,15
2250,167,21
2250,170,23
2250,16,13
2250,311,24
2250,375,15
2250,230,47
2251,187,24
2251,46,21
2251,197,26
2251,166,59
2252,99,55
2252,215,17
2252,280,6
2252,234,4
2252,176,6
2252,101,16
2252,196,6
2252,130,40
2252,52,16
2252,206,15
2252,336,7
2252,341,4
2252,376,7
2252,287,10
2252,50,25
2252,180,4
2252,8,18
2252,314,5
2252,169,4
2252,150,8
2252,66,5
2252,60,18
2252,163,10
2252,158,7
2252,178,16
2252,167,18
2252,390,6
2252,282,11
2252,147,14
2252,152,18
2252,55,4
2252,344,12
2252,356,8
2252,153,5
2252,44,4
2252,251,4
2252,389,4
2252,380,24
2252,309,10
2252,35,4
2252,91,4
2252,94,16
2252,370,5
2252,246,15
2252,1,19
2252,181,11
2252,256,5
2252,165,4
2252,352,11
2252,310,7
2252,270,19
2252,222,7
2252,208,9
2252,307,6
2252,225,5
2252,4,9
2252,128,7
2252,365,6
2252,333,6
2252,239,5
2252,145,4
2252,263,5
2252,144,4
2252,357,19
2252,122,17
2252,132,6
2252,364,5
2252,105,9
2252,191,4
2252,304,5
2252,313,12
2252,124,9
2252,326,6
2252,162,6
2252,9,14
2252,142,24
2252,319,6
2252,209,8
2252,118,20
2252,111,9
2252,347,6
2252,75,4
2252,298,4
2252,305,35
2252,383,17
2252,197,20
2252,30,9
2252,321,7
2252,330,37
2252,25,4
2252,367,6
2252,3,7
2252,325,6
2252,166,9
2252,51,14
2252,159,5
2252,189,17
2252,230,8
2252,286,6
2252,38,4
2252,2,12
2252,348,6
2252,200,12
2252,339,10
2252,141,11
2252,335,11
2252,27,21
2252,257,27
2252,277,17
2252,168,4
2252,116,9
2252,264,8
2252,53,10
2252,157,22
2252,187,15
2252,236,5
2252,207,12
2252,174,4
2252,117,13
2252,177,38
2252,28,6
2253,170,5
2253,115,4
2253,99,41
2253,230,10
2253,9,7
2253,2,7
2253,208,7
2253,1,9
2253,84,5
2253,303,4
2253,94,8
2253,246,9
2253,216,4
2253,166,18
2253,60,10
2253,233,6
2253,108,4
2253,375,5
2253,251,5
2253,167,10
2253,158,5
2253,206,10
2253,177,18
2253,285,5
2253,296,5
2253,181,4
2253,61,7
2253,142,14
2253,209,6
2253,59,4
2253,7,5
2253,376,8
2253,294,4
2253,298,10
2253,157,14
2253,282,10
2253,150,4
2253,4,4
2253,41,6
2253,293,4
2253,16,4
2253,46,7
2253,52,7
2253,189,10
2253,305,16
2253,270,6
2253,154,6
2253,197,11
2253,383,10
2253,243,6
2253,221,4
2253,300,5
2253,3,6
2253,339,4
2253,310,9
2253,257,22
2253,200,9
2253,147,8
2253,191,5
2253,187,14
2253,308,4
2253,54,7
2253,309,5
2253,380,7
2253,141,7
2253,357,10
2253,277,12
2253,53,5
2253,116,4
2253,118,11
2253,335,5
2253,130,12
2253,344,6
2253,122,9
2253,337,8
2253,326,7
2253,287,5
2253,162,5
2253,33,4
2253,5,5
2254,16,19
2254,139,12
2254,118,13
2254,33,14
2254,261,8
2254,310,8
2254,1,13
2254,243,8
2254,61,15
2254,257,18
2254,11,8
2254,46,13
2254,2,14
2254,147,22
2254,200,18
2254,130,17
2254,270,6
2254,30,20
2254,380,12
2254,344,13
2254,39,14
2254,285,25
2254,99,21
2254,142,36
2254,375,9
2254,230,13
2254,187,18
2254,122,16
2254,206,38
2254,266,6
2254,170,16
2254,233,17
2254,298,14
2254,60,12
2254,282,43
2254,154,12
2254,166,147
2254,53,8
2254,137,21
2254,197,20
2254,208,10
2254,216,10
2254,177,36
2254,189,24
2254,318,8
2254,277,20
2254,287,26
2254,79,15
2254,337,18
2254,198,14
2254,141,19
2254,5,21
2255,380,16
2256,255,26
2256,177,31
2256,50,16
2256,178,31
2256,27,19
2257,107,51
2257,281,27
2257,246,32
2257,282,60
2257,248,10
2257,230,20
2257,252,30
2257,157,27
2257,357,77
2257,122,69
2257,154,30
2257,236,16
2257,277,96
2257,245,33
2257,300,28
2257,118,92
2257,53,13
2257,251,30
2257,266,12
2257,94,13
2257,243,10
2257,129,23
2257,1,46
2257,291,22
2257,2,32
2257,369,11
2257,46,51
2257,285,39
2257,16,31
2257,380,22
2257,323,49
2257,139,17
2257,59,28
2257,379,25
2257,147,58
2257,233,14
2257,340,9
2257,298,45
2257,39,10
2257,332,44
2257,187,91
2257,261,17
2257,270,33
2257,189,87
2257,65,37
2257,108,35
2257,232,47
2257,310,84
2257,13,11
2257,299,40
2257,120,29
2257,177,86
2257,376,38
2257,167,25
2257,61,25
2257,142,71
2257,5,15
2257,211,75
2257,137,44
2257,337,56
2257,294,26
2257,33,40
2257,3,37
2257,250,33
2257,60,42
2257,197,134
2257,36,20
2257,73,11
2257,79,32
2257,7,74
2257,201,9
2257,84,19
2257,326,17
2257,206,40
2257,287,73
2257,383,29
2257,257,34
2257,273,29
2257,9,14
2257,160,13
2257,130,113
2257,307,12
2257,170,36
2257,305,31
2257,141,59
2257,200,51
2257,198,20
2257,105,21
2257,238,41
2257,99,65
2257,344,69
2257,155,11
2257,202,18
2257,54,27
2257,115,21
2257,209,17
2257,166,55
2258,27,6
2258,305,6
2258,380,7
2258,330,8
2258,163,10
2258,206,4
2258,118,5
2258,152,14
2258,99,7
2258,189,7
2258,1,7
2258,178,12
2258,246,4
2258,333,9
2258,307,4
2258,50,12
2258,94,7
2258,177,5
2259,380,12
2259,189,10
2259,206,5
2259,147,14
2259,105,10
2259,208,8
2259,187,15
2259,318,11
2259,33,4
2259,142,11
2259,270,9
2259,60,4
2259,29,4
2259,243,8
2259,257,16
2259,311,10
2259,287,4
2259,285,8
2259,230,12
2259,166,22
2259,53,9
2259,177,19
2259,130,13
2259,305,9
2259,46,8
2259,8,10
2259,197,5
2259,337,10
2259,2,9
2259,375,9
2259,99,19
2259,298,8
2259,61,10
2259,198,9
2259,277,9
2259,282,10
2259,11,9
2260,147,4
2260,115,10
2260,358,11
2260,273,16
2260,376,16
2260,206,63
2260,245,24
2260,298,23
2260,383,12
2260,337,68
2260,300,10
2260,108,18
2260,261,13
2260,369,9
2260,238,34
2260,342,12
2260,266,6
2260,233,9
2260,177,25
2260,99,17
2260,248,4
2260,155,9
2260,84,7
2260,0,7
2260,282,20
2260,61,6
2260,192,6
2260,65,25
2260,141,7
2260,391,6
2260,120,7
2260,96,4
2260,310,44
2260,344,51
2260,246,18
2260,189,45
2260,380,5
2260,59,15
2260,79,9
2260,332,23
2260,60,6
2260,285,15
2260,3,19
2260,2,5
2260,7,50
2260,281,22
2260,170,14
2260,307,4
2260,252,19
2260,294,6
2260,357,36
2260,13,4
2260,54,4
2260,251,10
2260,122,21
2260,46,16
2260,137,21
2260,379,15
2260,232,40
2260,299,30
2260,323,27
2260,16,16
2260,9,4
2260,341,4
2260,72,8
2260,154,8
2260,250,19
2260,33,18
2260,139,6
2260,193,12
2260,118,53
2260,129,11
2260,37,4
2260,277,52
2260,338,16
2260,372,6
2260,211,57
2260,197,45
2260,202,5
2260,166,15
2260,10,15
2260,187,11
2260,39,6
2260,287,15
2260,1,24
2260,107,46
2260,160,12
2260,200,9
2260,130,16
2260,5,6
2260,36,7
2260,291,14
2261,187,22
2261,50,14
2261,337,14
2261,380,27
2261,130,12
2261,105,15
2261,236,14
2261,182,25
2261,197,25
2261,344,24
2262,261,10
2262,282,10
2262,337,20
2262,141,10
2262,266,10
2263,141,17
2263,118,18
2263,1,12
2263,99,20
2263,344,14
2263,285,14
2263,266,6
2263,46,16
2263,206,31
2263,29,6
2263,139,13
2263,53,9
2263,61,15
2263,122,14
2263,261,8
2263,233,16
2263,108,8
2263,170,16
2263,311,6
2263,177,23
2263,79,13
2263,166,66
2263,33,14
2263,189,25
2263,197,27
2263,16,14
2263,147,9
2263,277,17
2263,200,17
2263,137,15
2263,248,8
2263,337,25
2263,60,13
2263,380,13
2263,187,18
2263,298,13
2263,39,12
2263,287,18
2263,257,14
2263,11,9
2263,154,12
2263,115,10
2263,142,23
2263,2,12
2263,230,13
2263,130,14
2263,5,21
2263,282,23
2263,376,11
2264,135,4
2264,270,11
2264,380,4
2264,105,6
2264,115,5
2264,310,6
2264,352,4
2264,50,10
2264,337,5
2264,177,10
2264,33,9
2264,118,6
2264,128,6
2264,206,11
2264,304,5
2264,382,4
2265,332,41
2265,379,32
2265,245,21
2265,287,48
2265,246,35
2265,108,39
2265,202,24
2265,187,65
2265,300,39
2265,10,25
2265,211,48
2265,200,38
2265,166,83
2265,36,23
2265,96,22
2265,16,24
2265,122,42
2265,189,39
2265,54,45
2265,99,59
2265,33,35
2265,238,33
2265,37,22
2265,59,32
2265,391,18
2265,147,22
2265,72,23
2265,303,33
2265,261,35
2265,170,56
2265,357,49
2265,154,49
2265,79,65
2265,251,37
2265,310,60
2265,326,18
2265,118,71
2265,285,46
2265,282,40
2265,252,40
2265,298,30
2265,120,24
2265,369,18
2265,142,40
2265,13,24
2265,342,22
2265,294,36
2265,107,28
2265,130,37
2265,65,22
2265,273,39
2265,277,57
2265,291,18
2265,197,89
2265,46,60
2265,376,39
2265,337,67
2265,206,92
2265,344,48
2265,323,37
2265,383,29
2265,115,32
2265,232,38
2265,177,82
2266,209,6
2266,287,19
2266,201,8
2266,282,6
2266,230,12
2266,277,8
2266,33,8
2266,130,9
2266,189,11
2266,166,68
2266,208,14
2266,122,6
2266,206,13
2266,257,15
2266,187,25
2266,197,18
2266,203,8
2266,200,9
2266,327,4
2266,216,11
2266,53,10
2266,95,5
2266,157,5
2266,99,8
2266,167,9
2266,298,9
2266,142,34
2266,2,6
2266,177,10
2266,61,9
2266,305,7
2266,311,8
2266,307,4
2266,133,7
2266,118,7
2266,375,10
2266,147,10
2266,303,12
2266,337,8
2266,60,11
2266,198,4
2266,105,4
2266,46,11
2266,270,6
2267,309,12
2267,298,22
2267,166,10
2267,177,11
2267,345,11
2268,142,24
2268,310,10
2268,206,13
2268,243,9
2268,170,17
2268,258,8
2268,90,15
2268,76,14
2268,253,10
2268,82,4
2268,337,25
2268,386,10
2268,236,8
2268,376,16
2268,16,16
2268,50,10
2268,187,48
2268,242,10
2268,177,42
2268,302,13
2268,305,8
2268,108,18
2268,147,6
2268,120,6
2268,54,4
2268,216,11
2268,279,7
2268,344,11
2268,99,11
2268,154,20
2268,33,4
2268,167,11
2268,202,6
2268,118,23
2268,285,25
2268,295,10
2269,70,16
2269,374,26
2269,301,20
2270,187,13
2270,344,15
2270,182,12
2270,130,8
2270,337,10
2270,105,12
2270,380,19
2270,236,6
2270,197,15
2270,50,10
2271,167,16
2271,61,19
2271,142,23
2271,375,17
2271,298,16
2271,187,29
2271,197,36
2271,166,53
2271,46,19
2272,50,57
2272,305,31
2272,376,42
2272,187,37
2272,115,21
2272,310,28
2272,304,27
2272,177,77
2273,245,39
2273,72,20
2273,166,62
2273,252,43
2273,261,39
2273,7,90
2273,107,78
2273,139,20
2273,206,205
2273,170,44
2273,285,48
2273,369,16
2273,192,12
2273,357,99
2273,338,35
2273,298,45
2273,39,12
2273,120,20
2273,332,59
2273,310,105
2273,13,19
2273,323,173
2273,342,22
2273,238,71
2273,84,14
2273,248,18
2273,5,14
2273,160,22
2273,187,29
2273,383,32
2273,358,23
2273,1,49
2273,287,37
2273,137,61
2273,0,22
2273,65,49
2273,200,25
2273,281,44
2273,3,41
2273,379,39
2273,376,40
2273,10,40
2273,250,49
2273,299,73
2273,273,39
2273,380,17
2273,337,225
2273,266,19
2273,344,104
2273,99,40
2273,115,36
2273,232,93
2273,233,21
2273,129,23
2273,251,31
2273,300,33
2273,277,120
2273,177,78
2273,60,19
2273,33,39
2273,79,32
2273,197,121
2273,189,105
2273,36,23
2273,130,35
2273,282,51
2273,59,38
2273,211,133
2273,46,54
2273,246,47
2273,108,48
2273,122,58
2273,193,20
2273,154,25
2273,16,39
2273,202,22
2273,61,18
2273,118,178
2273,141,20
2274,142,4
2274,144,16
2274,157,8
2274,302,8
2274,330,8
2274,138,10
2274,30,6
2274,321,8
2274,345,6
2274,204,8
2274,191,18
2274,89,8
2274,150,8
2274,187,12
2274,177,17
2274,230,29
2274,184,8
2274,84,10
2274,215,8
2274,99,22
2274,265,6
2274,305,4
2274,257,47
2274,190,4
2274,200,14
2274,370,18
2274,272,8
2274,159,8
2274,392,10
2274,111,10
2274,383,22
2274,110,14
2274,382,8
2274,217,8
2274,297,10
2274,147,13
2274,239,20
2274,331,15
2274,4,99
2274,277,4
2274,307,10
2274,286,8
2274,94,14
2274,170,12
2275,44,4
2275,46,8
2275,174,4
2275,277,9
2275,5,6
2275,189,21
2275,215,5
2275,54,4
2275,201,4
2275,206,13
2275,137,7
2275,154,6
2275,339,4
2275,383,9
2275,167,6
2275,257,16
2275,300,6
2275,198,6
2275,79,6
2275,251,4
2275,270,7
2275,332,4
2275,53,5
2275,118,11
2275,142,17
2275,187,14
2275,116,4
2275,246,8
2275,52,4
2275,9,6
2275,337,6
2275,166,57
2275,60,12
2275,170,7
2275,16,8
2275,59,4
2275,357,7
2275,1,12
2275,12,4
2275,61,4
2275,7,4
2275,139,5
2275,282,19
2275,298,7
2275,197,14
2275,130,14
2275,99,19
2275,84,4
2275,208,8
2275,3,4
2275,122,8
2275,310,9
2275,94,8
2275,243,6
2275,305,8
2275,376,7
2275,141,9
2275,200,8
2275,375,5
2275,30,8
2275,380,16
2275,2,9
2275,157,6
2275,344,13
2275,287,13
2275,147,9
2275,39,5
2275,177,25
2275,294,5
2275,233,6
2275,230,7
2275,285,9
2275,33,5
2276,342,4
2276,357,10
2276,294,4
2276,326,9
2276,209,7
2276,239,5
2276,130,12
2276,383,11
2276,147,8
2276,300,8
2276,38,4
2276,257,7
2276,122,14
2276,305,17
2276,9,6
2276,3,4
2276,115,7
2276,307,7
2276,282,8
2276,246,13
2276,304,8
2276,187,11
2276,380,10
2276,337,6
2276,222,6
2276,330,5
2276,91,4
2276,59,5
2276,270,11
2276,7,4
2276,177,21
2276,158,4
2276,287,5
2276,236,6
2276,285,5
2276,379,5
2276,152,8
2276,200,6
2276,324,5
2276,52,7
2276,118,15
2276,99,25
2276,340,5
2276,277,12
2276,1,14
2276,94,6
2276,46,5
2276,206,17
2276,116,5
2276,335,5
2276,376,12
2276,344,13
2276,108,5
2276,197,7
2276,167,5
2276,251,6
2276,215,5
2276,166,7
2276,142,8
2276,198,4
2276,189,9
2276,50,15
2276,310,14
2276,154,8
2277,3,19
2277,59,16
2277,339,8
2277,1,26
2277,189,20
2277,383,35
2277,309,8
2277,215,13
2277,141,20
2277,287,16
2277,157,30
2277,197,22
2277,251,18
2277,257,51
2277,12,8
2277,84,16
2277,294,18
2277,277,21
2277,7,17
2277,308,8
2277,246,24
2277,305,33
2277,115,12
2277,376,25
2277,166,27
2277,248,12
2277,118,18
2277,352,13
2277,282,17
2277,52,35
2277,187,21
2277,344,18
2277,191,12
2277,108,12
2277,298,16
2277,243,11
2277,300,17
2277,54,13
2277,9,13
2277,174,12
2277,310,21
2277,41,19
2277,200,23
2277,122,17
2277,206,25
2277,28,9
2277,116,11
2277,357,25
2277,44,12
2277,296,10
2277,380,16
2277,60,21
2277,147,9
2277,130,16
2277,230,8
2277,99,97
2277,177,42
2277,278,8
2277,2,19
2278,252,14
2278,166,23
2278,46,22
2278,115,19
2278,285,16
2278,344,16
2278,99,18
2278,177,42
2278,118,19
2278,130,17
2278,187,20
2278,376,26
2278,273,14
2278,16,17
2278,337,19
2278,120,14
2278,170,19
2278,298,18
2278,206,26
2278,310,19
2278,50,10
2278,154,16
2278,300,14
2278,202,17
2278,291,14
2278,245,14
2278,33,17
2278,200,17
2278,211,14
2278,108,19
2278,357,16
2278,65,14
2278,36,14
2278,277,18
2278,282,19
2279,123,12
2279,166,9
2279,318,12
2279,170,8
2279,7,15
2280,177,15
2280,350,6
2280,362,5
2280,359,7
2280,337,7
2280,158,11
2280,304,15
2280,209,4
2280,142,8
2280,318,7
2280,99,17
2280,282,10
2280,175,6
2280,270,6
2280,105,8
2280,376,7
2280,208,6
2280,130,11
2280,147,8
2280,88,6
2280,310,15
2280,296,4
2280,187,7
2280,13,4
2280,165,4
2280,73,6
2280,50,6
2280,311,12
2280,326,6
2280,277,4
2280,380,19
2280,305,17
2280,329,6
2281,11,43
2281,206,32
2281,5,32
2281,33,32
2281,287,31
2281,166,110
2281,117,32
2281,27,28
2281,257,78
2281,61,28
2281,230,59
2281,142,36
2281,189,45
2281,99,38
2281,29,30
2281,177,68
2281,123,30
2281,53,44
2281,141,30
2282,357,36
2282,197,50
2282,1,14
2282,166,76
2282,246,25
2282,232,21
2282,108,24
2282,277,47
2282,99,30
2282,299,20
2282,233,15
2282,383,14
2282,122,31
2282,202,16
2282,252,27
2282,2,10
2282,137,22
2282,115,19
2282,60,9
2282,238,22
2282,129,16
2282,300,19
2282,206,132
2282,130,20
2282,46,27
2282,120,22
2282,337,113
2282,282,45
2282,154,20
2282,189,34
2282,16,30
2282,376,24
2282,294,9
2282,59,13
2282,273,25
2282,344,38
2282,187,35
2282,107,14
2282,285,32
2282,266,12
2282,323,29
2282,3,17
2282,141,16
2282,170,29
2282,79,18
2282,33,23
2282,200,24
2282,36,17
2282,65,15
2282,332,28
2282,310,54
2282,287,29
2282,61,13
2282,250,12
2282,251,17
2282,54,8
2282,177,50
2282,211,39
2282,261,27
2282,118,74
2282,379,15
2282,298,12
2283,257,35
2283,137,11
2283,230,32
2283,243,10
2283,53,25
2283,277,15
2283,189,27
2283,216,14
2283,287,24
2283,142,66
2283,233,10
2283,285,13
2283,318,8
2283,198,19
2283,79,13
2283,11,23
2283,215,16
2283,130,16
2283,166,175
2283,197,19
2283,99,23
2283,147,31
2283,200,20
2283,29,12
2283,33,14
2283,311,20
2283,187,26
2283,27,14
2283,5,23
2283,170,14
2283,177,36
2283,206,26
2283,61,16
2283,123,14
2283,141,11
2283,282,29
2283,201,8
2283,30,16
2284,207,12
2284,380,10
2284,27,14
2284,50,12
2285,107,72
2285,120,39
2285,202,19
2285,298,23
2285,266,10
2285,250,33
2285,1,37
2285,122,40
2285,342,12
2285,189,50
2285,376,29
2285,59,28
2285,294,9
2285,324,25
2285,281,27
2285,72,8
2285,206,66
2285,310,71
2285,334,18
2285,46,33
2285,211,78
2285,16,22
2285,358,13
2285,277,70
2285,300,24
2285,246,29
2285,323,66
2285,177,39
2285,273,33
2285,252,42
2285,213,12
2285,197,52
2285,65,43
2285,154,23
2285,235,37
2285,99,25
2285,115,24
2285,170,30
2285,137,34
2285,282,24
2285,344,76
2285,118,123
2285,238,63
2285,357,79
2285,233,9
2285,129,20
2285,7,41
2285,187,33
2285,337,116
2285,379,27
2285,79,23
2285,33,30
2285,166,23
2285,10,13
2285,332,41
2285,251,27
2285,200,24
2285,285,35
2285,232,66
2285,36,22
2285,261,18
2285,3,28
2285,130,27
2285,383,24
2285,108,34
2285,141,13
2285,299,48
2285,287,29
2286,5,13
2286,166,29
2286,282,10
2286,142,17
2286,200,14
2286,187,14
2287,177,23
2288,154,15
2288,189,27
2288,157,39
2288,357,32
2288,191,14
2288,344,28
2288,60,25
2288,141,24
2288,30,16
2288,282,30
2288,94,26
2288,168,8
2288,257,55
2288,118,31
2288,222,13
2288,147,18
2288,294,20
2288,50,16
2288,25,10
2288,265,10
2288,7,19
2288,339,16
2288,380,31
2288,181,15
2288,177,66
2288,45,13
2288,370,11
2288,278,15
2288,167,16
2288,27,9
2288,197,25
2288,209,17
2288,239,13
2288,52,27
2288,124,10
2288,115,13
2288,335,16
2288,122,28
2288,286,8
2288,287,22
2288,178,16
2288,277,33
2288,6,8
2288,310,26
2288,2,20
2288,54,16
2288,393,10
2288,230,17
2288,101,11
2288,151,11
2288,3,20
2288,298,18
2288,236,11
2288,200,26
2288,159,12
2288,12,8
2288,166,38
2288,59,16
2288,9,29
2288,246,30
2288,330,29
2288,305,66
2288,1,35
2288,84,17
2288,333,8
2288,206,36
2288,44,11
2288,116,23
2288,215,10
2288,251,19
2288,376,31
2288,163,15
2288,307,18
2288,321,13
2288,111,21
2288,130,33
2288,99,110
2288,300,23
2288,152,29
2288,337,14
2288,270,20
2288,190,12
2288,108,13
2288,326,14
2288,383,33
2288,158,11
2288,33,8
2288,62,8
2288,248,10
2288,309,9
2288,169,10
2288,174,10
2288,142,16
2288,187,31
2289,216,16
2289,257,60
2289,33,18
2289,189,46
2289,198,25
2289,5,50
2289,287,35
2289,187,48
2289,130,30
2289,142,114
2289,30,28
2289,233,16
2289,122,23
2289,298,23
2289,27,20
2289,61,20
2289,230,51
2289,285,26
2289,79,18
2289,243,16
2289,117,18
2289,141,26
2289,282,53
2289,29,18
2289,279,12
2289,311,28
2289,201,18
2289,99,40
2289,177,78
2289,170,17
2289,215,24
2289,277,30
2289,200,32
2289,206,40
2289,11,33
2289,53,35
2289,137,23
2289,166,301
2289,147,50
2289,197,37
2289,123,20
2290,311,30
2290,215,28
2290,99,32
2290,282,44
2290,141,21
2290,230,35
2290,5,35
2290,189,34
2290,257,46
2290,147,51
2290,187,33
2290,177,47
2290,200,34
2290,206,33
2290,166,207
2290,142,100
2291,375,11
2291,94,12
2291,344,21
2291,288,12
2291,294,17
2291,39,9
2291,46,16
2291,33,10
2291,198,12
2291,208,23
2291,116,6
2291,311,13
2291,200,30
2291,12,6
2291,142,103
2291,45,18
2291,230,24
2291,61,13
2291,308,6
2291,167,31
2291,277,23
2291,282,64
2291,27,8
2291,168,4
2291,215,10
2291,357,12
2291,278,7
2291,157,33
2291,151,7
2291,383,7
2291,53,24
2291,270,15
2291,268,5
2291,10,4
2291,13,6
2291,287,65
2291,187,46
2291,137,21
2291,31,4
2291,99,46
2291,123,8
2291,79,27
2291,30,28
2291,130,79
2291,335,24
2291,174,4
2291,380,10
2291,201,13
2291,197,87
2291,8,8
2291,117,6
2291,44,4
2291,339,6
2291,233,9
2291,259,4
2291,318,6
2291,52,8
2291,206,41
2291,141,15
2291,216,9
2291,158,4
2291,105,11
2291,305,31
2291,2,23
2291,95,9
2291,147,30
2291,189,40
2291,20,6
2291,309,6
2291,154,13
2291,356,6
2291,252,6
2291,337,21
2291,11,11
2291,303,9
2291,254,14
2291,118,25
2291,29,4
2291,16,12
2291,139,16
2291,9,6
2291,54,12
2291,313,11
2291,310,15
2291,122,36
2291,251,8
2291,298,30
2291,59,8
2291,386,4
2291,1,13
2291,257,37
2291,170,14
2291,243,13
2291,273,6
2291,62,4
2291,285,14
2291,177,56
2291,111,8
2291,279,7
2291,72,5
2291,5,18
2291,133,17
2291,60,39
2292,230,9
2292,382,6
2292,209,4
2292,300,16
2292,305,4
2292,319,6
2292,304,9
2292,50,13
2292,330,5
2292,232,6
2292,323,10
2292,376,13
2292,309,9
2292,272,6
2292,299,6
2292,255,11
2292,99,7
2292,115,10
2292,177,11
2293,99,7
2293,376,4
2293,282,4
2293,333,4
2293,130,8
2293,344,8
2293,152,7
2293,27,5
2293,270,4
2293,305,10
2293,246,4
2293,177,14
2293,277,4
2293,255,8
2293,187,5
2293,256,4
2293,380,12
2293,15,5
2293,307,10
2293,178,7
2293,50,14
2294,356,6
2294,97,4
2294,287,9
2294,330,4
2294,307,4
2294,187,24
2294,111,37
2294,236,12
2294,59,10
2294,246,19
2294,153,5
2294,73,9
2294,157,62
2294,309,4
2294,351,4
2294,376,12
2294,168,12
2294,116,20
2294,352,9
2294,60,18
2294,195,4
2294,366,10
2294,198,11
2294,393,6
2294,204,8
2294,248,4
2294,174,6
2294,169,4
2294,217,4
2294,122,11
2294,305,73
2294,298,15
2294,48,6
2294,7,10
2294,6,6
2294,159,13
2294,339,4
2294,282,9
2294,2,8
2294,277,22
2294,54,26
2294,12,8
2294,162,8
2294,344,13
2294,362,10
2294,230,15
2294,286,17
2294,188,4
2294,294,10
2294,52,50
2294,166,15
2294,141,20
2294,370,9
2294,243,9
2294,118,18
2294,167,4
2294,221,6
2294,9,26
2294,190,8
2294,53,4
2294,251,17
2294,28,15
2294,383,47
2294,30,6
2294,197,20
2294,310,23
2294,24,6
2294,142,7
2294,200,19
2294,209,4
2294,31,14
2294,4,4
2294,44,6
2294,62,6
2294,367,6
2294,94,13
2294,300,10
2294,265,6
2294,323,6
2294,337,4
2294,191,14
2294,99,36
2294,3,9
2294,177,46
2294,278,21
2294,205,7
2294,239,16
2294,335,13
2294,158,7
2294,147,14
2294,225,4
2294,296,9
2294,270,11
2294,115,4
2294,1,30
2294,33,4
2294,151,13
2294,25,6
2294,321,13
2294,297,4
2294,380,9
2294,189,9
2294,332,6
2294,244,4
2294,199,6
2294,84,7
2294,257,57
2294,130,18
2294,386,11
2294,357,34
2294,215,22
2294,222,14
2294,41,29
2294,108,6
2294,110,8
2294,289,9
2294,214,5
2294,152,6
2294,308,4
2294,326,8
2294,145,4
2294,206,21
2295,26,5
2295,99,10
2295,246,4
2295,209,4
2295,142,5
2295,177,12
2295,147,7
2295,166,7
2295,105,5
2295,130,7
2295,277,4
2295,187,5
2295,305,11
2296,118,59
2296,310,27
2296,105,4
2296,357,9
2296,380,11
2296,139,8
2296,115,10
2296,379,8
2296,266,6
2296,120,4
2296,261,13
2296,2,8
2296,206,75
2296,94,4
2296,3,8
2296,122,11
2296,287,10
2296,13,6
2296,277,27
2296,273,8
2296,270,4
2296,129,5
2296,65,4
2296,79,10
2296,1,10
2296,238,5
2296,16,23
2296,313,4
2296,246,14
2296,36,5
2296,33,7
2296,39,4
2296,285,12
2296,252,8
2296,323,5
2296,193,11
2296,5,5
2296,166,21
2296,99,15
2296,248,7
2296,141,11
2296,59,5
2296,192,6
2296,187,10
2296,189,23
2296,200,6
2296,376,13
2296,108,10
2296,300,11
2296,299,6
2296,282,23
2296,147,4
2296,130,9
2296,170,15
2296,332,16
2296,0,9
2296,46,13
2296,61,8
2296,211,12
2296,198,4
2296,142,4
2296,383,8
2296,202,6
2296,341,6
2296,177,25
2296,337,70
2296,281,6
2296,298,4
2296,60,9
2296,197,42
2296,232,4
2296,344,19
2296,233,11
2296,251,4
2296,107,4
2296,137,16
2296,250,4
2296,154,9
2296,294,4
2296,7,6
2297,152,4
2297,137,4
2297,376,5
2297,118,7
2297,209,4
2297,310,10
2297,357,4
2297,277,9
2297,170,4
2297,130,9
2297,319,5
2297,50,8
2297,99,16
2297,304,6
2297,380,7
2297,257,16
2297,166,5
2297,70,4
2297,301,7
2297,216,4
2297,282,9
2297,187,12
2297,16,5
2297,374,8
2297,206,7
2297,345,4
2297,307,4
2297,285,6
2297,147,8
2297,298,5
2297,167,6
2297,291,9
2297,337,10
2297,270,4
2297,200,18
2297,246,4
2297,309,4
2297,305,11
2297,177,21
2297,393,4
2297,33,7
2297,344,13
2298,304,6
2298,197,6
2298,118,13
2298,187,28
2298,206,12
2298,9,8
2298,191,6
2298,141,13
2298,33,7
2298,5,4
2298,305,14
2298,177,20
2298,236,11
2298,142,7
2298,310,10
2298,1,8
2298,393,8
2298,167,9
2298,298,5
2298,52,10
2298,307,8
2298,50,11
2298,243,4
2298,54,4
2298,154,4
2298,200,5
2298,337,4
2298,246,5
2298,335,5
2298,257,21
2298,282,10
2298,44,8
2298,53,5
2298,130,15
2298,94,4
2298,147,12
2298,157,6
2298,99,36
2298,383,8
2298,215,10
2298,295,4
2298,380,15
2298,277,15
2298,198,4
2298,270,9
2298,344,11
2298,357,4
2298,122,7
2299,257,12
2299,390,12
2299,144,8
2299,106,12
2299,302,20
2299,380,10
2299,331,20
2299,330,12
2299,147,13
2299,177,14
2300,65,14
2300,291,12
2300,253,8
2300,298,16
2300,337,28
2300,344,15
2300,245,12
2300,202,17
2300,90,10
2300,211,15
2300,36,14
2300,108,26
2300,252,14
2300,115,23
2300,302,10
2300,248,12
2300,16,15
2300,99,25
2300,386,8
2300,200,16
2300,206,33
2300,277,17
2300,33,15
2300,273,14
2300,177,69
2300,166,14
2300,130,16
2300,310,20
2300,300,14
2300,76,11
2300,120,19
2300,285,17
2300,50,11
2300,282,15
2300,46,18
2300,376,31
2300,154,22
2300,295,12
2300,357,15
2300,118,23
2300,242,8
2300,187,41
2300,170,27
2301,189,37
2301,376,5
2301,16,7
2301,206,48
2301,60,34
2301,54,15
2301,357,22
2301,251,10
2301,45,19
2301,137,12
2301,335,29
2301,270,17
2301,96,4
2301,294,16
2301,157,31
2301,73,4
2301,288,10
2301,142,93
2301,122,31
2301,313,13
2301,243,9
2301,27,6
2301,198,13
2301,277,31
2301,117,4
2301,167,23
2301,311,18
2301,298,28
2301,254,12
2301,371,4
2301,257,22
2301,380,9
2301,293,10
2301,236,5
2301,46,17
2301,216,9
2301,105,18
2301,5,19
2301,326,6
2301,177,49
2301,50,5
2301,252,7
2301,209,6
2301,197,84
2301,94,7
2301,375,14
2301,118,28
2301,285,15
2301,79,27
2301,200,32
2301,337,33
2301,310,29
2301,141,8
2301,303,14
2301,99,45
2301,39,4
2301,233,4
2301,208,23
2301,72,6
2301,344,15
2301,33,9
2301,154,15
2301,95,14
2301,279,5
2301,30,23
2301,187,66
2301,170,10
2301,20,6
2301,10,5
2301,305,32
2301,61,18
2301,273,9
2301,53,20
2301,332,5
2301,318,12
2301,29,4
2301,11,8
2301,2,23
2301,123,6
2301,8,6
2301,59,7
2301,259,4
2301,201,14
2301,147,42
2301,37,7
2301,130,80
2301,13,6
2301,139,12
2301,133,22
2301,282,57
2301,268,5
2301,230,14
2301,287,64
2301,1,6
2301,215,7
2302,30,13
2302,65,8
2302,53,11
2302,230,13
2302,311,12
2302,50,7
2302,211,9
2302,105,8
2302,344,18
2302,380,15
2302,251,8
2302,332,10
2302,266,6
2302,257,20
2302,37,4
2302,0,4
2302,243,9
2302,248,6
2302,198,8
2302,250,4
2302,54,5
2302,177,45
2302,170,18
2302,60,14
2302,313,6
2302,61,18
2302,167,10
2302,189,29
2302,273,9
2302,33,15
2302,285,22
2302,310,24
2302,137,26
2302,27,4
2302,115,15
2302,197,35
2302,99,33
2302,246,14
2302,13,6
2302,29,4
2302,200,19
2302,122,22
2302,3,6
2302,157,6
2302,216,9
2302,318,8
2302,118,21
2302,108,15
2302,139,8
2302,305,13
2302,341,6
2302,206,61
2302,279,8
2302,95,4
2302,287,23
2302,300,11
2302,379,5
2302,11,5
2302,208,12
2302,141,18
2302,1,12
2302,36,8
2302,46,23
2302,166,140
2302,142,43
2302,299,6
2302,252,10
2302,107,4
2302,79,11
2302,323,4
2302,123,4
2302,201,7
2302,233,10
2302,245,4
2302,59,6
2302,337,31
2302,5,18
2302,129,6
2302,335,8
2302,120,8
2302,270,13
2302,238,4
2302,282,43
2302,154,13
2302,117,4
2302,383,5
2302,298,16
2302,133,4
2302,277,31
2302,147,26
2302,130,24
2302,202,10
2302,294,4
2302,357,17
2302,94,4
2302,39,6
2302,16,25
2302,187,32
2302,2,13
2302,376,15
2302,261,10
2302,375,10
2302,215,8
2302,232,4
2302,291,4
2303,118,10
2304,137,4
2304,9,9
2304,393,7
2304,147,7
2304,152,4
2304,44,4
2304,50,7
2304,236,7
2304,246,5
2304,319,4
2304,166,7
2304,215,8
2304,130,4
2304,270,7
2304,341,5
2304,122,5
2304,187,8
2304,380,15
2304,277,8
2304,307,7
2304,310,5
2304,177,9
2304,257,14
2304,141,9
2304,52,8
2304,99,22
2304,33,4
2305,1,22
2305,170,31
2305,130,32
2305,166,143
2305,108,13
2305,310,24
2305,53,18
2305,60,29
2305,115,13
2305,142,42
2305,16,32
2305,257,24
2305,2,26
2305,147,19
2305,380,24
2305,122,30
2305,11,14
2305,277,41
2305,187,36
2305,285,28
2305,282,46
2305,233,30
2305,79,28
2305,5,36
2305,230,21
2305,46,34
2305,344,32
2305,248,12
2305,376,19
2305,154,24
2305,39,22
2305,287,36
2305,298,28
2305,139,26
2305,206,85
2305,197,64
2305,200,33
2305,337,67
2305,33,25
2305,332,19
2305,99,39
2305,141,31
2305,189,48
2305,137,31
2305,118,59
2305,61,30
2305,177,56
2306,206,32
2306,177,28
2306,166,25
2306,337,26
2306,376,24
2307,202,4
2307,273,4
2307,211,7
2307,65,4
2307,46,9
2307,50,4
2307,33,9
2307,291,9
2307,177,22
2307,206,15
2307,142,5
2307,154,8
2307,298,8
2307,108,9
2307,337,13
2307,16,4
2307,160,4
2307,285,4
2307,200,7
2307,115,7
2307,187,13
2307,36,4
2307,76,5
2307,167,5
2307,310,7
2307,120,5
2307,99,9
2307,376,8
2307,277,6
2307,282,6
2307,252,4
2307,170,7
2307,357,10
2307,245,14
2307,295,4
2307,130,9
2307,250,6
2307,118,11
2307,300,6
2307,344,8
2308,108,12
2308,206,18
2308,177,30
2308,376,13
2308,166,14
2308,248,12
2308,115,13
2309,166,15
2309,44,4
2309,12,4
2309,206,7
2309,122,6
2309,201,6
2309,383,4
2309,189,8
2309,53,7
2309,277,6
2309,200,6
2309,60,6
2309,270,6
2309,174,4
2309,118,6
2309,287,7
2309,257,16
2309,130,6
2309,305,6
2309,344,6
2309,99,11
2309,30,6
2309,298,6
2309,167,6
2309,54,4
2309,215,7
2309,177,10
2309,197,6
2309,282,6
2309,157,4
2309,52,4
2309,141,9
2309,243,6
2309,142,8
2309,9,4
2309,29,4
2309,380,6
2309,187,6
2309,198,6
2309,2,7
2309,94,6
2309,230,11
2309,147,7
2309,1,6
2310,182,16
2310,206,12
2310,105,19
2310,154,16
2310,380,52
2310,243,8
2310,236,6
2310,167,12
2310,29,20
2310,209,8
2310,337,8
2310,50,12
2310,197,28
2310,280,8
2310,187,24
2310,128,8
2310,335,8
2310,307,16
2310,121,24
2310,232,12
2310,300,12
2310,298,8
2310,344,28
2310,130,16
2310,108,8
2311,206,18
2311,50,15
2311,236,14
2311,307,17
2311,298,18
2311,216,9
2311,142,19
2311,257,9
2311,209,17
2311,166,35
2311,380,20
2311,189,10
2311,187,35
2311,108,13
2311,167,19
2311,375,11
2311,337,23
2311,344,11
2311,130,23
2311,105,18
2311,197,26
2311,61,10
2311,335,10
2311,277,12
2311,157,8
2311,46,9
2311,60,12
2312,332,8
2312,299,4
2312,141,9
2312,133,7
2312,287,24
2312,201,8
2312,202,7
2312,206,39
2312,236,9
2312,279,4
2312,0,4
2312,122,10
2312,285,10
2312,208,17
2312,257,14
2312,327,6
2312,61,12
2312,95,7
2312,243,4
2312,187,39
2312,246,4
2312,79,8
2312,305,8
2312,177,25
2312,3,9
2312,203,12
2312,375,8
2312,189,18
2312,300,7
2312,200,13
2312,5,5
2312,251,8
2312,326,8
2312,130,15
2312,335,4
2312,383,5
2312,298,15
2312,39,4
2312,46,19
2312,261,9
2312,65,6
2312,216,11
2312,310,23
2312,344,10
2312,357,14
2312,376,12
2312,209,5
2312,252,8
2312,230,8
2312,137,8
2312,291,4
2312,245,4
2312,147,9
2312,118,22
2312,120,6
2312,16,12
2312,380,4
2312,99,14
2312,277,16
2312,2,10
2312,282,19
2312,233,9
2312,311,8
2312,60,16
2312,36,6
2312,170,9
2312,166,87
2312,142,31
2312,157,11
2312,197,36
2312,167,12
2312,303,12
2312,273,7
2312,33,13
2312,266,6
2312,307,9
2312,129,7
2312,18,6
2312,337,27
2312,105,6
2312,115,9
2312,294,7
2312,54,10
2312,154,8
2312,211,7
2312,139,4
2312,248,6
2312,53,8
2312,1,6
2312,11,4
2312,270,7
2312,108,14
2313,246,12
2313,305,6
2313,9,4
2313,115,12
2313,206,19
2313,177,35
2313,122,10
2313,1,10
2313,46,6
2313,130,12
2313,84,8
2313,277,11
2313,189,5
2313,187,11
2313,170,13
2313,341,8
2313,118,10
2313,61,11
2313,141,11
2313,383,11
2313,5,12
2313,110,5
2313,202,5
2313,332,4
2313,108,11
2313,298,14
2313,230,4
2313,257,10
2313,293,8
2313,261,9
2313,72,8
2313,147,6
2313,99,19
2313,376,15
2313,191,7
2313,266,5
2313,200,11
2313,392,8
2313,233,9
2313,3,10
2313,101,4
2313,248,10
2313,282,5
2313,94,4
2313,7,8
2313,197,10
2313,166,12
2313,76,9
2314,287,6
2314,189,4
2314,166,4
2314,197,6
2314,2,4
2314,79,6
2314,375,6
2314,305,7
2315,33,6
2315,200,13
2315,310,10
2315,189,16
2315,2,24
2315,130,17
2315,12,4
2315,357,12
2315,298,7
2315,344,8
2315,157,12
2315,305,18
2315,99,24
2315,60,6
2315,167,7
2315,337,4
2315,206,20
2315,30,20
2315,277,17
2315,166,14
2315,325,4
2315,147,12
2315,105,9
2315,287,25
2315,177,15
2315,187,9
2315,246,20
2315,118,15
2315,142,31
2315,375,17
2315,293,7
2315,216,4
2315,61,9
2315,197,32
2316,287,16
2316,277,11
2316,311,6
2316,2,12
2316,27,8
2316,123,8
2316,11,12
2316,115,6
2316,248,6
2316,197,13
2316,344,11
2316,298,10
2316,99,19
2316,33,13
2316,177,24
2316,137,10
2316,142,20
2316,39,11
2316,108,6
2316,215,6
2316,206,18
2316,170,13
2316,380,12
2316,166,53
2316,261,4
2316,233,12
2316,337,12
2316,147,13
2316,16,11
2316,154,10
2316,141,14
2316,1,11
2316,187,16
2316,53,12
2316,230,18
2316,285,10
2316,5,17
2316,61,14
2316,376,10
2316,118,10
2316,282,12
2316,79,11
2316,257,19
2316,130,11
2316,122,10
2316,200,13
2316,30,4
2316,189,19
2316,216,4
2316,46,10
2316,60,10
2316,29,8
2316,139,10
2316,198,4
2317,108,46
2317,334,22
2317,164,22
2317,2,6
2317,300,22
2317,16,21
2317,209,8
2317,166,21
2317,39,6
2317,7,59
2317,120,60
2317,310,79
2317,341,6
2317,262,6
2317,287,35
2317,72,9
2317,96,6
2317,307,6
2317,200,25
2317,155,12
2317,189,72
2317,252,33
2317,61,6
2317,250,39
2317,206,151
2317,383,25
2317,298,35
2317,37,6
2317,10,21
2317,313,47
2317,211,107
2317,79,19
2317,115,26
2317,177,47
2317,160,17
2317,235,63
2317,170,33
2317,246,33
2317,299,72
2317,114,6
2317,105,11
2317,224,42
2317,5,6
2317,277,97
2317,266,8
2317,154,24
2317,340,8
2317,125,26
2317,357,113
2317,232,94
2317,197,74
2317,233,8
2317,73,8
2317,118,140
2317,251,20
2317,282,24
2317,202,18
2317,3,33
2317,376,31
2317,46,39
2317,129,24
2317,130,27
2317,261,16
2317,285,30
2317,324,22
2317,294,6
2317,344,120
2317,33,36
2317,323,123
2317,342,19
2317,273,27
2317,65,75
2317,245,36
2317,137,52
2317,59,37
2317,192,6
2317,236,11
2317,99,25
2317,281,39
2317,1,46
2317,338,15
2317,332,45
2317,291,23
2317,369,14
2317,198,25
2317,9,6
2317,379,30
2317,122,56
2317,187,46
2317,389,8
2317,107,190
2317,36,19
2317,139,6
2317,0,10
2317,193,9
2317,213,20
2317,381,66
2317,238,83
2317,147,10
2317,141,7
2317,391,10
2317,337,96
2317,358,14
2318,137,8
2318,320,6
2318,177,15
2318,99,6
2318,50,9
2319,99,9
2319,257,4
2319,230,7
2319,138,4
2319,305,7
2319,111,4
2319,309,8
2319,167,4
2319,321,8
2319,117,6
2319,191,6
2319,233,5
2319,280,6
2319,277,4
2319,298,9
2319,61,4
2319,130,4
2319,187,7
2319,177,8
2319,4,6
2319,200,4
2319,94,4
2319,144,4
2319,221,5
2319,197,9
2320,170,22
2320,380,7
2320,331,23
2320,147,17
2320,265,16
2320,200,10
2320,144,15
2321,330,4
2321,92,4
2321,257,4
2321,150,4
2321,315,8
2321,200,7
2321,380,11
2321,302,8
2321,170,19
2321,5,7
2321,248,4
2321,177,17
2321,265,9
2321,189,8
2321,108,4
2321,331,22
2321,233,7
2321,376,4
2321,142,4
2321,144,12
2321,106,4
2321,390,4
2321,158,4
2321,147,10
2321,50,4
2321,115,4
2322,12,6
2322,305,67
2322,246,27
2322,177,9
2322,118,10
2322,33,4
2322,357,12
2322,147,9
2322,293,9
2322,375,10
2322,206,9
2322,277,15
2322,189,11
2322,325,4
2322,2,20
2322,166,19
2322,99,27
2322,200,9
2322,61,11
2322,142,16
2322,187,34
2322,30,14
2322,130,9
2322,197,14
2323,370,5
2323,108,10
2323,243,9
2323,309,8
2323,142,6
2323,110,6
2323,13,4
2323,383,13
2323,362,4
2323,26,7
2323,285,12
2323,16,14
2323,202,4
2323,204,6
2323,358,7
2323,266,10
2323,197,22
2323,122,9
2323,246,16
2323,54,9
2323,341,7
2323,177,35
2323,294,8
2323,170,10
2323,116,9
2323,308,6
2323,153,9
2323,248,6
2323,44,6
2323,73,5
2323,165,4
2323,305,18
2323,137,6
2323,296,5
2323,230,10
2323,239,6
2323,380,15
2323,1,10
2323,31,4
2323,141,12
2323,193,6
2323,168,6
2323,233,7
2323,214,4
2323,3,9
2323,52,11
2323,9,10
2323,281,4
2323,187,12
2323,62,6
2323,356,7
2323,189,12
2323,36,4
2323,319,8
2323,300,8
2323,326,5
2323,278,6
2323,4,7
2323,211,7
2323,357,11
2323,310,25
2323,174,6
2323,206,52
2323,157,8
2323,376,16
2323,158,7
2323,41,6
2323,147,12
2323,332,13
2323,12,6
2323,130,11
2323,150,6
2323,60,11
2323,251,7
2323,287,7
2323,209,7
2323,298,8
2323,115,8
2323,79,4
2323,111,9
2323,61,10
2323,46,12
2323,166,23
2323,84,6
2323,261,14
2323,344,13
2323,200,7
2323,277,20
2323,198,7
2323,99,51
2323,2,14
2323,257,29
2323,337,37
2323,270,8
2323,321,6
2323,339,7
2323,7,7
2323,50,4
2323,59,7
2323,118,20
2323,282,19
2324,142,10
2324,344,8
2324,33,7
2324,376,10
2324,282,8
2324,305,9
2324,253,4
2324,337,12
2324,167,8
2324,108,4
2324,230,4
2324,90,4
2324,154,8
2324,170,9
2324,277,8
2324,243,8
2324,53,4
2324,257,11
2324,298,8
2324,187,15
2324,11,4
2324,302,4
2324,118,9
2324,386,4
2324,50,9
2324,279,7
2324,16,8
2324,166,5
2324,46,8
2324,99,10
2324,285,8
2324,147,9
2324,206,7
2324,130,8
2324,189,4
2324,177,25
2324,200,6
2324,295,6
2324,216,6
2325,329,8
2325,359,7
2325,154,5
2325,158,6
2325,115,4
2325,304,14
2325,311,4
2325,99,5
2325,350,8
2325,310,7
2325,175,7
2325,305,4
2325,380,4
2325,137,4
2325,342,4
2325,177,6
2325,208,4
2326,230,12
2326,99,13
2326,367,7
2326,321,18
2326,110,7
2326,221,6
2326,138,6
2326,117,6
2326,72,4
2326,197,4
2326,164,6
2326,233,13
2326,305,9
2326,167,4
2326,293,10
2326,5,7
2326,61,8
2326,166,7
2326,9,6
2326,144,8
2326,392,9
2326,76,7
2326,257,12
2326,147,6
2326,309,6
2326,280,12
2326,177,16
2326,191,12
2326,162,11
2326,298,22
2326,94,6
2326,200,4
2326,390,4
2327,304,10
2327,127,9
2327,126,4
2327,380,8
2327,50,15
2327,177,8
2327,237,6
2327,350,7
2327,28,4
2328,201,18
2328,122,20
2328,257,65
2328,198,36
2328,187,45
2328,177,73
2328,208,20
2328,11,34
2328,215,20
2328,130,21
2328,61,20
2328,216,30
2328,27,20
2328,137,25
2328,33,22
2328,29,18
2328,285,32
2328,79,23
2328,141,19
2328,166,379
2328,53,35
2328,189,47
2328,30,27
2328,117,20
2328,206,52
2328,311,22
2328,282,66
2328,147,65
2328,200,34
2328,243,18
2328,142,121
2328,277,36
2328,230,53
2328,16,20
2328,99,48
2328,287,45
2328,298,18
2328,170,25
2328,233,20
2328,123,20
2328,5,63
2329,123,26
2329,5,12
2329,189,38
2329,287,25
2329,29,22
2329,257,54
2329,166,77
2329,61,26
2329,141,22
2329,99,22
2329,11,38
2329,53,38
2329,230,50
2329,177,35
2329,206,22
2329,142,19
2329,33,22
2329,27,26
2330,142,8
2330,350,6
2330,304,4
2330,49,4
2331,305,8
2332,177,6
2332,237,4
2332,304,10
2332,222,6
2332,142,7
2332,349,6
2333,198,22
2333,2,22
2333,270,24
2333,257,52
2333,166,118
2333,79,21
2333,187,42
2333,277,29
2333,201,21
2333,375,21
2333,5,30
2333,215,28
2333,27,23
2333,287,37
2333,208,24
2333,189,39
2333,46,21
2333,29,25
2333,216,24
2333,298,30
2333,99,39
2333,61,33
2333,139,22
2333,206,30
2333,200,28
2333,230,40
2333,130,44
2333,282,34
2333,311,31
2333,117,20
2333,142,69
2333,197,39
2333,170,26
2333,11,35
2333,177,49
2333,30,23
2333,154,21
2333,147,49
2333,122,24
2333,305,25
2333,337,21
2333,53,37
2333,137,22
2333,33,23
2333,123,23
2333,167,32
2333,141,27
2334,123,19
2334,270,10
2334,287,18
2334,166,86
2334,79,11
2334,257,37
2334,61,19
2334,277,14
2334,2,12
2334,198,14
2334,313,10
2334,285,13
2334,201,15
2334,8,10
2334,60,10
2334,298,11
2334,16,11
2334,39,10
2334,5,27
2334,375,11
2334,46,10
2334,29,17
2334,189,26
2334,27,19
2334,216,13
2334,105,10
2334,279,10
2334,94,10
2334,118,10
2334,99,20
2334,208,10
2334,1,10
2334,33,17
2334,215,17
2334,230,30
2334,30,11
2334,200,22
2334,147,21
2334,282,15
2334,206,17
2334,139,10
2334,233,11
2334,117,16
2334,142,40
2334,137,11
2334,311,17
2334,197,11
2334,380,10
2334,154,10
2334,318,11
2334,305,13
2334,122,10
2334,141,20
2334,187,24
2334,53,24
2334,344,12
2334,243,10
2334,11,24
2334,337,10
2334,177,34
2334,167,10
2334,130,11
2334,170,13
2335,50,11
2335,304,6
2335,115,4
2335,300,5
2335,177,13
2335,246,4
2335,296,5
2336,257,8
2336,99,14
2336,280,6
2336,298,13
2336,166,12
2336,187,5
2336,130,7
2336,189,4
2336,341,8
2336,61,6
2336,147,6
2336,200,5
2336,321,6
2336,293,6
2336,233,5
2336,361,4
2336,177,10
2336,1,5
2336,141,6
2336,9,5
2336,305,11
2337,61,38
2337,277,38
2337,201,20
2337,187,51
2337,166,126
2337,257,35
2337,2,22
2337,99,41
2337,216,27
2337,375,24
2337,298,33
2337,105,17
2337,189,44
2337,287,33
2337,130,28
2337,60,32
2337,108,17
2337,118,22
2337,46,34
2337,206,54
2337,311,27
2337,208,27
2337,197,50
2337,230,36
2337,282,28
2337,53,30
2337,167,24
2337,147,35
2337,337,33
2337,122,23
2337,200,28
2337,177,42
2337,142,70
2337,170,24
2337,305,32
2337,33,25
2338,59,9
2338,282,6
2338,107,8
2338,285,9
2338,277,10
2338,79,9
2338,232,8
2338,65,8
2338,187,11
2338,137,8
2338,357,9
2338,36,8
2338,189,8
2338,332,8
2338,238,8
2338,273,8
2338,130,9
2338,200,9
2338,252,8
2338,211,10
2338,99,11
2338,115,15
2338,129,9
2338,287,10
2338,300,8
2338,177,10
2338,246,8
2338,250,8
2338,376,16
2338,383,8
2338,154,9
2338,206,13
2338,108,15
2338,197,11
2338,310,12
2338,323,8
2338,170,9
2338,202,8
2338,118,14
2338,344,12
2338,299,8
2338,33,8
2338,122,8
2338,120,9
2338,251,8
2338,379,8
2338,337,14
2338,248,10
2338,3,9
2338,1,11
2338,46,8
2339,2,4
2339,257,6
2339,177,6
2339,99,8
2340,270,4
2340,257,4
2340,245,9
2340,166,13
2340,84,5
2340,79,8
2340,160,8
2340,65,19
2340,277,46
2340,139,4
2340,61,6
2340,236,8
2340,129,8
2340,187,13
2340,285,14
2340,107,38
2340,0,5
2340,198,9
2340,287,15
2340,232,23
2340,2,5
2340,273,13
2340,94,4
2340,118,85
2340,46,13
2340,36,8
2340,189,26
2340,59,16
2340,39,4
2340,298,24
2340,115,11
2340,99,16
2340,300,12
2340,54,5
2340,357,39
2340,252,15
2340,130,13
2340,200,10
2340,238,21
2340,192,4
2340,332,19
2340,209,6
2340,147,8
2340,211,43
2340,338,8
2340,5,4
2340,282,13
2340,342,6
2340,233,5
2340,261,6
2340,206,101
2340,310,36
2340,266,6
2340,13,5
2340,72,5
2340,108,16
2340,202,6
2340,197,31
2340,170,11
2340,383,13
2340,369,5
2340,177,21
2340,10,11
2340,380,8
2340,250,14
2340,154,9
2340,60,5
2340,7,35
2340,1,23
2340,323,67
2340,251,12
2340,307,6
2340,120,8
2340,344,33
2340,137,19
2340,3,18
2340,248,5
2340,372,4
2340,337,94
2340,294,5
2340,52,4
2340,193,7
2340,379,12
2340,141,7
2340,299,21
2340,9,7
2340,122,24
2340,376,18
2340,358,10
2340,281,14
2340,73,7
2340,33,12
2340,246,15
2341,355,4
2341,141,4
2341,63,4
2341,304,6
2341,137,4
2341,177,8
2341,122,4
2341,49,4
2341,292,4
2342,310,27
2342,197,64
2342,147,43
2342,257,25
2342,61,28
2342,187,50
2342,5,12
2342,298,17
2342,130,57
2342,166,46
2342,293,12
2342,246,10
2342,30,24
2342,170,39
2342,167,46
2342,177,69
2342,141,27
2342,386,22
2342,99,31
2342,142,51
2342,230,14
2343,331,6
2343,230,7
2343,89,4
2343,257,6
2343,383,4
2343,177,6
2343,307,6
2343,392,4
2343,4,17
2344,177,39
2344,187,33
2344,295,12
2345,166,11
2345,115,12
2345,376,15
2345,261,12
2345,248,10
2345,108,11
2345,206,33
2346,116,9
2346,230,10
2346,257,19
2346,174,6
2346,99,19
2346,12,10
2346,54,10
2346,294,8
2346,44,6
2346,9,10
2346,383,6
2346,305,11
2346,168,8
2346,157,10
2346,52,10
2347,257,14
2347,187,6
2347,158,4
2347,94,5
2347,147,11
2347,191,8
2347,321,14
2347,300,4
2347,278,4
2347,166,10
2347,99,22
2347,111,5
2347,130,9
2347,110,4
2347,230,13
2347,197,7
2347,309,4
2347,52,8
2347,383,7
2347,246,4
2347,177,13
2347,9,8
2347,265,5
2347,305,14
2347,200,7
2347,157,7
2347,1,7
2348,166,136
2348,61,30
2348,79,35
2348,201,28
2348,277,46
2348,187,68
2348,257,52
2348,2,30
2348,198,30
2348,285,35
2348,94,22
2348,8,24
2348,27,23
2348,298,35
2348,313,21
2348,189,65
2348,29,26
2348,60,60
2348,46,34
2348,216,30
2348,375,29
2348,5,46
2348,39,21
2348,118,35
2348,99,49
2348,215,27
2348,279,23
2348,287,61
2348,16,30
2348,30,45
2348,270,27
2348,170,30
2348,167,45
2348,380,23
2348,282,84
2348,318,24
2348,208,39
2348,200,49
2348,197,125
2348,139,34
2348,311,35
2348,230,40
2348,206,63
2348,233,23
2348,147,53
2348,154,28
2348,177,72
2348,122,48
2348,130,105
2348,117,26
2348,105,28
2348,142,129
2348,11,29
2348,305,31
2348,243,25
2348,123,23
2348,1,23
2348,337,39
2348,53,41
2348,137,36
2348,344,36
2348,33,31
2348,141,31
2349,61,5
2349,270,6
2349,238,8
2349,166,32
2349,332,7
2349,160,5
2349,65,12
2349,232,13
2349,79,6
2349,118,28
2349,129,5
2349,2,4
2349,285,5
2349,198,10
2349,187,18
2349,277,12
2349,189,19
2349,59,5
2349,107,12
2349,115,7
2349,54,7
2349,298,11
2349,29,4
2349,60,7
2349,46,10
2349,36,5
2349,273,5
2349,200,14
2349,99,16
2349,211,17
2349,357,9
2349,252,5
2349,130,14
2349,300,6
2349,287,10
2349,344,20
2349,305,7
2349,13,5
2349,142,17
2349,251,5
2349,311,4
2349,376,9
2349,206,30
2349,310,9
2349,383,8
2349,167,5
2349,307,7
2349,380,10
2349,170,8
2349,250,4
2349,197,16
2349,108,9
2349,9,5
2349,3,6
2349,245,6
2349,299,9
2349,282,8
2349,154,8
2349,202,5
2349,33,11
2349,137,8
2349,337,9
2349,177,21
2349,323,17
2349,120,8
2349,236,9
2349,246,7
2349,122,11
2349,147,11
2349,1,9
2349,379,6
2350,54,8
2350,257,26
2350,11,10
2350,318,10
2350,123,7
2350,166,30
2350,79,8
2350,270,10
2350,277,17
2350,61,13
2350,2,16
2350,285,14
2350,118,18
2350,8,8
2350,139,10
2350,201,8
2350,16,17
2350,105,10
2350,279,6
2350,287,17
2350,29,7
2350,46,16
2350,60,16
2350,198,9
2350,189,25
2350,27,7
2350,130,17
2350,216,8
2350,375,11
2350,39,8
2350,298,15
2350,99,32
2350,313,6
2350,357,9
2350,5,9
2350,94,8
2350,187,19
2350,142,16
2350,137,12
2350,170,14
2350,310,12
2350,206,37
2350,147,14
2350,282,24
2350,376,10
2350,167,11
2350,380,16
2350,230,19
2350,233,10
2350,117,7
2350,197,24
2350,108,9
2350,30,7
2350,215,6
2350,251,6
2350,248,6
2350,154,12
2350,305,20
2350,115,9
2350,200,15
2350,177,36
2350,3,6
2350,33,13
2350,294,7
2350,344,17
2350,208,12
2350,243,13
2350,53,13
2350,337,23
2350,311,11
2350,1,15
2350,141,14
2350,246,9
2350,122,13
2350,157,8
2351,130,12
2351,360,5
2351,359,4
2351,232,7
2351,339,4
2351,209,6
2351,99,8
2351,105,8
2351,216,4
2351,187,16
2351,246,4
2351,243,4
2351,310,6
2351,380,18
2351,177,4
2351,33,8
2351,167,4
2351,21,4
2351,120,6
2351,299,7
2351,307,8
2352,187,6
2352,198,4
2352,2,4
2352,79,6
2352,277,7
2352,201,4
2352,61,4
2352,270,6
2352,189,11
2352,298,4
2352,313,5
2352,118,4
2352,46,4
2352,5,6
2352,60,4
2352,99,6
2352,208,7
2352,287,10
2352,166,36
2352,142,9
2352,200,6
2352,206,9
2352,130,5
2352,139,4
2352,282,15
2352,310,4
2352,30,4
2352,154,4
2352,33,5
2352,197,6
2352,305,5
2352,167,4
2352,177,12
2352,53,6
2352,137,8
2352,337,6
2352,122,14
2352,147,6
2352,157,4
2352,257,4
2352,133,5
2353,166,78
2353,257,21
2353,99,28
2353,270,13
2353,208,26
2353,201,12
2353,61,15
2353,2,23
2353,279,4
2353,94,6
2353,285,19
2353,118,48
2353,59,7
2353,8,8
2353,96,6
2353,254,11
2353,287,52
2353,277,39
2353,198,10
2353,318,7
2353,215,6
2353,189,48
2353,54,10
2353,29,6
2353,209,5
2353,298,32
2353,60,31
2353,46,20
2353,216,9
2353,375,13
2353,37,6
2353,5,16
2353,39,11
2353,303,9
2353,313,14
2353,129,5
2353,95,6
2353,357,22
2353,105,10
2353,252,11
2353,130,48
2353,16,17
2353,187,34
2353,79,25
2353,230,13
2353,142,65
2353,117,4
2353,332,11
2353,273,10
2353,170,12
2353,139,12
2353,282,53
2353,251,10
2353,311,12
2353,310,28
2353,147,23
2353,206,74
2353,335,22
2353,154,12
2353,72,9
2353,197,70
2353,307,6
2353,30,25
2353,167,27
2353,344,24
2353,288,11
2353,108,6
2353,200,28
2353,233,12
2353,10,12
2353,177,40
2353,243,11
2353,33,9
2353,157,24
2353,137,24
2353,3,9
2353,133,12
2353,53,18
2353,294,15
2353,20,6
2353,380,10
2353,141,14
2353,236,5
2353,122,26
2353,305,18
2353,45,16
2353,11,6
2353,1,15
2353,337,12
2354,99,5
2354,108,4
2354,261,7
2354,197,9
2354,166,8
2354,277,6
2354,115,5
2354,376,8
2354,202,4
2354,177,15
2354,206,15
2354,310,9
2354,170,8
2354,294,5
2354,337,9
2354,246,4
2354,248,4
2355,279,17
2355,201,23
2355,270,23
2355,208,36
2355,123,18
2355,277,45
2355,118,39
2355,2,30
2355,94,17
2355,198,23
2355,187,53
2355,285,32
2355,61,27
2355,287,58
2355,318,16
2355,303,9
2355,79,39
2355,105,19
2355,215,19
2355,8,18
2355,313,23
2355,99,44
2355,298,34
2355,16,30
2355,39,19
2355,189,61
2355,216,19
2355,46,33
2355,60,47
2355,29,18
2355,5,43
2355,27,18
2355,375,22
2355,257,39
2355,147,46
2355,310,17
2355,170,27
2355,139,24
2355,282,84
2355,311,29
2355,230,34
2355,233,23
2355,206,81
2355,142,123
2355,72,9
2355,197,102
2355,380,20
2355,130,83
2355,53,34
2355,117,17
2355,177,73
2355,200,42
2355,137,42
2355,11,24
2355,154,26
2355,10,10
2355,167,48
2355,141,27
2355,1,21
2355,337,45
2355,122,43
2355,305,21
2355,30,46
2355,157,19
2355,344,32
2355,243,18
2355,294,12
2355,33,22
2356,257,4
2356,76,4
2357,304,4
2357,141,4
2358,304,67
2358,15,10
2358,49,11
2358,345,10
2358,105,17
2358,270,10
2358,282,8
2358,222,12
2358,187,19
2358,349,13
2358,142,35
2358,305,16
2358,177,22
2358,21,8
2358,380,11
2358,237,10
2358,379,10
2358,340,11
2359,198,5
2359,2,9
2359,166,12
2359,158,4
2359,277,5
2359,118,7
2359,84,4
2359,187,9
2359,59,4
2359,60,9
2359,356,6
2359,257,25
2359,308,6
2359,94,5
2359,12,4
2359,287,5
2359,357,4
2359,339,6
2359,99,47
2359,174,6
2359,7,4
2359,189,6
2359,215,6
2359,300,4
2359,54,8
2359,122,5
2359,141,8
2359,206,8
2359,130,8
2359,30,5
2359,309,6
2359,197,8
2359,251,4
2359,310,6
2359,230,10
2359,383,17
2359,282,7
2359,44,6
2359,344,8
2359,298,9
2359,177,22
2359,52,11
2359,200,9
2359,294,4
2359,62,4
2359,157,15
2359,305,25
2359,147,6
2359,243,8
2359,246,4
2359,380,5
2359,1,9
2359,9,9
2360,99,8
2360,380,10
2360,177,11
2360,305,10
2361,287,13
2361,118,7
2361,285,8
2361,187,12
2361,198,6
2361,2,7
2361,105,8
2361,201,8
2361,79,10
2361,166,75
2361,123,8
2361,8,4
2361,257,15
2361,277,11
2361,61,10
2361,270,7
2361,5,10
2361,46,7
2361,16,6
2361,27,8
2361,29,8
2361,60,10
2361,216,5
2361,375,5
2361,39,4
2361,298,9
2361,99,13
2361,313,8
2361,53,13
2361,279,5
2361,215,6
2361,33,5
2361,130,19
2361,189,15
2361,230,14
2361,197,19
2361,142,17
2361,117,4
2361,233,6
2361,206,16
2361,318,5
2361,139,7
2361,147,12
2361,200,8
2361,30,11
2361,380,4
2361,141,7
2361,208,9
2361,170,6
2361,282,20
2361,94,4
2361,137,6
2361,154,7
2361,177,13
2361,243,6
2361,311,6
2361,167,7
2361,337,8
2361,1,4
2361,122,13
2361,305,9
2361,11,11
2361,344,4
2362,50,7
2362,27,6
2362,49,9
2362,70,4
2362,270,4
2362,304,45
2362,282,4
2362,15,6
2362,69,4
2362,222,6
2362,345,4
2362,127,4
2362,376,6
2362,246,4
2362,187,5
2362,142,14
2362,105,6
2362,177,13
2362,342,4
2362,349,6
2362,237,4
2362,380,6
2362,305,8
2362,243,4
2362,379,4
2362,21,4
2362,14,4
2362,340,8
2363,105,16
2363,123,13
2363,166,30
2363,287,37
2363,79,23
2363,201,15
2363,2,19
2363,270,17
2363,277,30
2363,198,18
2363,187,42
2363,141,20
2363,61,20
2363,8,10
2363,215,14
2363,285,24
2363,257,42
2363,279,12
2363,99,41
2363,298,32
2363,375,16
2363,216,17
2363,313,15
2363,5,27
2363,46,21
2363,60,29
2363,29,15
2363,189,35
2363,27,13
2363,118,25
2363,39,13
2363,154,18
2363,380,15
2363,311,18
2363,208,23
2363,200,30
2363,147,39
2363,11,19
2363,139,15
2363,206,35
2363,282,48
2363,310,13
2363,233,17
2363,117,11
2363,142,73
2363,197,55
2363,16,18
2363,167,24
2363,170,20
2363,177,61
2363,243,15
2363,33,18
2363,344,20
2363,137,23
2363,318,10
2363,53,25
2363,337,22
2363,1,18
2363,122,27
2363,305,20
2363,30,21
2363,130,51
2363,94,15
2363,230,29
2364,4,6
2364,84,7
2364,166,8
2364,145,4
2364,169,6
2364,257,59
2364,152,7
2364,286,11
2364,151,5
2364,188,6
2364,66,4
2364,198,10
2364,187,10
2364,356,6
2364,104,4
2364,2,6
2364,158,4
2364,25,4
2364,6,4
2364,118,10
2364,345,6
2364,59,4
2364,297,6
2364,181,7
2364,270,9
2364,326,9
2364,277,18
2364,162,10
2364,174,6
2364,195,4
2364,287,6
2364,189,4
2364,225,4
2364,159,8
2364,111,21
2364,278,5
2364,60,13
2364,54,23
2364,366,10
2364,308,6
2364,357,40
2364,339,7
2364,298,7
2364,330,9
2364,94,9
2364,209,4
2364,352,14
2364,205,8
2364,321,6
2364,370,4
2364,215,28
2364,150,4
2364,24,9
2364,130,6
2364,12,6
2364,191,10
2364,7,10
2364,300,5
2364,393,4
2364,116,20
2364,62,4
2364,217,6
2364,383,49
2364,206,9
2364,147,9
2364,41,27
2364,282,5
2364,265,4
2364,376,8
2364,251,14
2364,190,7
2364,310,17
2364,1,31
2364,244,6
2364,230,8
2364,44,6
2364,309,6
2364,142,7
2364,28,22
2364,335,19
2364,199,8
2364,362,15
2364,30,5
2364,380,6
2364,167,6
2364,197,19
2364,153,6
2364,52,66
2364,221,4
2364,177,34
2364,319,4
2364,141,16
2364,243,9
2364,294,6
2364,344,5
2364,157,68
2364,289,4
2364,3,9
2364,168,12
2364,200,13
2364,53,6
2364,214,4
2364,110,4
2364,71,4
2364,97,4
2364,222,24
2364,296,8
2364,45,10
2364,305,74
2364,239,16
2364,204,4
2364,9,21
2364,246,20
2364,236,6
2364,73,9
2364,351,4
2364,122,5
2365,349,12
2365,177,18
2365,237,10
2365,222,12
2365,49,14
2365,304,42
2365,345,12
2365,142,17
2366,270,24
2366,61,31
2366,123,28
2366,79,21
2366,8,20
2366,198,25
2366,201,26
2366,215,25
2366,2,22
2366,99,38
2366,187,35
2366,285,23
2366,257,58
2366,277,25
2366,279,22
2366,94,20
2366,287,32
2366,46,24
2366,16,20
2366,27,28
2366,29,32
2366,189,46
2366,5,28
2366,216,28
2366,375,23
2366,39,20
2366,298,27
2366,60,24
2366,118,24
2366,313,20
2366,166,112
2366,53,45
2366,154,20
2366,208,26
2366,380,22
2366,311,28
2366,318,20
2366,200,29
2366,105,22
2366,147,32
2366,230,51
2366,233,21
2366,117,20
2366,142,52
2366,139,20
2366,206,33
2366,137,21
2366,30,23
2366,305,24
2366,170,25
2366,11,42
2366,167,24
2366,282,27
2366,177,38
2366,243,23
2366,130,23
2366,344,22
2366,197,27
2366,141,29
2366,337,23
2366,1,22
2366,122,25
2366,33,31
2367,177,18
2368,187,4
2368,70,8
2368,346,4
2368,376,7
2368,380,5
2368,142,6
2368,179,6
2369,270,5
2369,209,4
2369,380,5
2369,177,6
2369,257,6
2369,118,4
2369,187,4
2369,305,6
2369,99,8
2369,344,5
2369,62,5
2369,52,6
2369,1,4
2369,310,4
2370,2,14
2370,177,18
2370,270,17
2370,147,8
2370,337,18
2370,294,18
2370,209,17
2371,277,6
2371,166,11
2371,257,5
2371,287,6
2371,189,6
2371,187,8
2371,198,4
2371,215,4
2371,105,7
2371,94,4
2371,130,7
2371,46,6
2371,357,4
2371,99,6
2371,1,6
2371,142,7
2371,177,16
2371,200,8
2371,117,4
2371,197,8
2371,170,6
2371,108,5
2371,141,5
2371,30,4
2371,122,6
2371,305,5
2371,230,5
2371,33,8
2371,147,5
2371,137,6
2371,337,6
2372,187,20
2372,215,11
2372,166,50
2372,201,10
2372,277,9
2372,61,9
2372,198,7
2372,257,21
2372,99,10
2372,189,19
2372,60,9
2372,46,11
2372,5,12
2372,298,9
2372,118,9
2372,2,8
2372,287,13
2372,216,9
2372,197,11
2372,200,14
2372,270,7
2372,130,9
2372,142,32
2372,147,17
2372,282,8
2372,206,13
2372,230,12
2372,11,9
2372,311,13
2372,33,9
2372,53,14
2372,337,9
2372,122,8
2372,305,6
2372,208,8
2372,170,9
2372,167,7
2372,177,10
2373,207,25
2373,50,18
2373,99,18
2373,165,14
2373,27,30
2373,325,16
2373,264,16
2374,337,14
2374,380,14
2374,285,14
2374,46,14
2374,177,15
2374,375,14
2374,208,14
2374,99,21
2374,277,14
2374,257,20
2374,147,18
2374,142,17
2374,105,14
2374,311,18
2374,282,14
2374,166,14
2374,2,14
2374,270,14
2374,198,14
2374,8,14
2374,318,16
2374,61,15
2374,130,15
2374,298,14
2374,187,15
2374,243,14
2374,305,14
2375,291,17
2375,277,8
2375,70,6
2375,200,21
2375,301,6
2375,374,8
2375,337,14
2376,50,29
2376,152,6
2376,206,8
2376,270,34
2376,376,13
2376,130,10
2376,118,82
2376,137,12
2376,344,18
2376,33,19
2376,198,10
2376,105,10
2376,335,6
2376,380,7
2376,209,25
2376,66,6
2376,379,10
2376,282,13
2376,177,33
2376,310,42
2377,120,33
2377,118,159
2377,238,87
2377,235,30
2377,107,169
2377,61,13
2377,261,19
2377,33,41
2377,16,24
2377,114,10
2377,192,10
2377,105,12
2377,10,22
2377,154,24
2377,389,9
2377,369,14
2377,108,47
2377,0,15
2377,2,12
2377,122,62
2377,236,14
2377,72,12
2377,281,41
2377,170,30
2377,59,40
2377,1,48
2377,73,9
2377,250,40
2377,307,8
2377,233,15
2377,245,36
2377,160,22
2377,344,111
2377,99,42
2377,206,166
2377,197,82
2377,391,10
2377,358,22
2377,299,81
2377,202,18
2377,60,11
2377,213,19
2377,177,63
2377,232,100
2377,383,27
2377,200,22
2377,7,62
2377,332,47
2377,3,39
2377,337,176
2377,187,38
2377,342,23
2377,211,116
2377,130,41
2377,379,34
2377,282,36
2377,189,82
2377,129,21
2377,155,15
2377,198,16
2377,36,20
2377,323,111
2377,65,76
2377,277,107
2377,141,12
2377,248,8
2377,137,55
2377,273,27
2377,357,86
2377,166,32
2377,338,29
2377,79,21
2377,287,33
2377,376,38
2377,341,8
2377,380,16
2377,252,32
2377,266,16
2377,193,17
2377,291,25
2377,147,17
2377,313,53
2377,285,38
2377,246,38
2377,139,8
2377,310,90
2377,115,30
2377,298,36
2377,46,44
2377,13,11
2377,251,24
2377,300,26
2378,287,56
2378,118,149
2378,299,66
2378,65,55
2378,122,54
2378,202,51
2378,383,43
2378,137,55
2378,166,46
2378,323,93
2378,107,45
2378,251,50
2378,1,49
2378,189,81
2378,36,48
2378,211,112
2378,337,81
2378,261,32
2378,108,69
2378,250,51
2378,130,57
2378,79,48
2378,232,80
2378,246,52
2378,197,82
2378,277,77
2378,3,48
2378,285,64
2378,357,75
2378,238,67
2378,332,70
2378,59,43
2378,344,88
2378,273,51
2378,187,73
2378,379,51
2378,177,105
2378,115,63
2378,46,66
2378,120,47
2378,154,57
2378,99,57
2378,300,52
2378,376,80
2378,33,61
2378,170,62
2378,206,127
2378,129,44
2378,252,51
2378,310,84
2378,248,28
2378,200,51
2379,224,8
2379,118,9
2379,344,4
2379,206,5
2380,380,34
2380,337,14
2380,344,23
2380,300,16
2380,130,18
2380,50,15
2380,182,30
2380,187,20
2380,197,25
2380,105,20
2380,236,14
2381,53,4
2381,326,6
2381,230,4
2381,99,8
2381,287,13
2381,60,4
2381,251,8
2381,177,8
2381,54,10
2381,118,11
2381,18,6
2381,142,13
2381,79,10
2381,257,4
2381,166,23
2381,310,9
2381,122,8
2381,46,12
2381,154,8
2381,61,4
2381,187,11
2381,197,14
2381,294,13
2381,157,4
2381,277,9
2381,357,8
2381,206,8
2381,303,15
2381,337,10
2382,170,20
2382,50,8
2382,302,15
2382,150,8
2382,257,10
2382,331,30
2382,177,19
2382,330,10
2382,106,8
2382,147,18
2382,390,10
2382,380,13
2382,189,8
2382,265,13
2382,144,13
2383,105,10
2383,298,13
2383,141,9
2383,130,9
2383,177,13
2384,215,4
2384,198,7
2384,142,29
2384,307,6
2384,79,9
2384,243,4
2384,170,10
2384,375,9
2384,166,80
2384,257,18
2384,357,6
2384,177,25
2384,105,6
2384,270,6
2384,285,10
2384,157,4
2384,233,8
2384,206,17
2384,189,16
2384,337,11
2384,209,4
2384,61,12
2384,141,8
2384,139,6
2384,129,6
2384,99,15
2384,197,16
2384,53,11
2384,108,9
2384,3,6
2384,201,9
2384,154,6
2384,118,9
2384,147,15
2384,248,6
2384,167,10
2384,216,11
2384,251,6
2384,311,9
2384,380,6
2384,208,7
2384,187,19
2384,29,6
2384,39,7
2384,33,11
2384,16,8
2384,287,13
2384,279,4
2384,344,7
2384,11,6
2384,115,6
2384,282,17
2384,1,6
2384,305,6
2384,5,13
2384,30,5
2384,310,6
2384,298,12
2384,200,13
2384,60,11
2384,2,10
2384,376,8
2384,122,10
2384,130,10
2384,230,13
2384,137,8
2384,46,11
2384,277,16
2384,294,6
2385,9,24
2385,12,22
2385,54,23
2385,52,25
2385,344,16
2385,111,23
2385,257,58
2385,230,26
2385,187,20
2385,157,38
2385,305,56
2385,62,16
2385,200,23
2385,99,83
2385,116,22
2385,177,42
2385,278,16
2386,96,7
2386,79,18
2386,65,4
2386,252,10
2386,72,9
2386,357,10
2386,107,9
2386,149,6
2386,115,4
2386,250,4
2386,300,9
2386,170,11
2386,33,4
2386,142,5
2386,206,10
2386,246,10
2386,189,4
2386,200,4
2386,342,7
2386,166,9
2386,369,7
2386,122,9
2386,137,4
2386,376,4
2386,235,8
2386,391,7
2386,130,4
2386,303,8
2386,287,10
2386,10,9
2386,379,9
2386,273,9
2386,277,11
2386,213,7
2386,197,16
2386,334,6
2386,3,4
2386,120,4
2386,37,7
2386,187,9
2386,238,10
2386,211,11
2386,202,4
2386,36,4
2386,299,4
2386,108,4
2386,99,9
2386,294,9
2386,7,10
2386,54,12
2386,285,10
2386,114,6
2386,344,9
2386,261,9
2386,177,10
2386,338,7
2386,232,9
2386,59,9
2386,324,6
2386,251,9
2386,337,11
2386,383,9
2386,46,11
2386,13,8
2386,310,10
2386,323,10
2386,1,4
2386,129,4
2386,313,6
2386,332,10
2386,118,12
2386,154,10
2387,215,32
2387,206,33
2387,99,52
2387,287,33
2387,142,112
2387,170,27
2387,230,71
2387,147,58
2387,141,26
2387,33,26
2387,123,28
2387,216,20
2387,166,278
2387,257,87
2387,200,38
2387,53,47
2387,282,29
2387,11,47
2387,187,53
2387,198,32
2387,29,30
2387,61,28
2387,189,51
2387,177,74
2387,311,34
2387,5,69
2387,201,26
2387,27,28
2387,117,24
2388,305,8
2388,304,5
2388,147,5
2388,383,4
2388,50,5
2388,1,4
2388,177,5
2388,142,4
2388,202,4
2388,357,4
2389,319,4
2389,1,6
2389,30,4
2389,187,6
2389,99,10
2389,52,4
2389,230,4
2389,62,4
2389,50,6
2389,344,7
2389,246,6
2389,286,6
2389,3,6
2389,7,4
2389,142,6
2389,380,8
2389,58,6
2389,349,4
2389,305,10
2389,376,6
2389,177,12
2389,141,4
2389,383,4
2389,277,4
2389,158,4
2389,257,5
2389,357,7
2390,251,23
2390,7,25
2390,79,51
2390,46,37
2390,187,28
2390,379,23
2390,122,26
2390,294,32
2390,342,24
2390,142,19
2390,107,23
2390,252,30
2390,332,31
2390,261,26
2390,238,28
2390,72,25
2390,54,24
2390,59,23
2390,273,29
2390,166,55
2390,211,37
2390,232,26
2390,13,24
2390,37,23
2390,118,44
2390,383,24
2390,154,30
2390,391,24
2390,197,66
2390,206,30
2390,323,28
2390,177,33
2390,338,25
2390,310,32
2390,300,26
2390,369,25
2390,246,24
2390,170,31
2390,287,33
2390,357,26
2390,10,25
2390,96,23
2390,285,32
2390,99,28
2390,344,26
2390,337,37
2390,277,27
2390,303,31
2391,236,5
2391,223,4
2391,335,6
2391,60,16
2391,287,34
2391,208,17
2391,130,11
2391,157,13
2391,375,18
2391,95,11
2391,166,102
2391,105,4
2391,311,6
2391,118,4
2391,142,41
2391,108,6
2391,46,10
2391,337,6
2391,61,4
2391,216,10
2391,33,8
2391,298,10
2391,187,45
2391,2,6
2391,200,6
2391,167,9
2391,303,31
2391,206,16
2391,53,4
2391,201,6
2391,327,6
2391,277,10
2391,257,7
2391,197,25
2391,209,4
2391,189,12
2391,203,13
2391,305,11
2391,230,4
2391,307,6
2391,133,11
2391,270,8
2392,277,4
2392,323,4
2392,197,13
2392,369,4
2392,232,5
2392,54,8
2392,122,4
2392,303,8
2392,118,8
2392,13,4
2392,235,5
2392,211,6
2392,337,6
2392,379,4
2392,213,4
2392,114,4
2392,79,16
2392,310,6
2393,376,24
2393,115,22
2393,108,23
2393,248,20
2393,206,24
2394,147,26
2394,305,21
2394,279,16
2394,277,22
2394,167,22
2394,33,21
2394,170,20
2394,142,29
2394,200,21
2394,337,26
2394,243,18
2394,189,15
2394,206,23
2394,302,11
2394,282,21
2394,166,37
2394,257,27
2394,154,22
2394,216,18
2394,90,11
2394,230,14
2394,376,14
2394,177,51
2394,344,20
2394,53,13
2394,46,23
2394,99,32
2394,130,24
2394,187,29
2394,298,21
2394,16,17
2394,285,21
2394,118,25
2395,177,8
2395,345,8
2396,209,4
2396,177,4
2396,318,6
2396,257,4
2396,130,4
2396,26,7
2396,147,6
2396,371,4
2396,311,4
2396,99,10
2397,177,13
2397,30,24
2397,2,20
2397,357,9
2397,166,29
2397,375,15
2397,130,15
2397,277,19
2397,118,16
2397,187,34
2397,142,21
2397,189,16
2397,197,23
2397,147,15
2397,246,27
2397,200,15
2397,206,16
2397,99,27
2397,305,70
2397,12,6
2398,337,20
2398,271,4
2398,3,9
2398,236,5
2398,181,7
2398,16,5
2398,130,26
2398,326,6
2398,137,9
2398,379,5
2398,158,7
2398,152,53
2398,187,13
2398,261,10
2398,383,14
2398,341,10
2398,118,28
2398,124,8
2398,246,25
2398,67,4
2398,59,6
2398,122,18
2398,101,11
2398,208,7
2398,340,4
2398,163,7
2398,251,6
2398,117,7
2398,170,6
2398,307,20
2398,255,4
2398,84,4
2398,165,5
2398,313,9
2398,206,32
2398,147,8
2398,293,8
2398,309,7
2398,183,4
2398,294,6
2398,115,11
2398,61,10
2398,330,54
2398,154,12
2398,108,12
2398,167,16
2398,79,6
2398,277,18
2398,142,16
2398,298,9
2398,94,10
2398,2,9
2398,273,6
2398,300,13
2398,233,5
2398,177,45
2398,55,7
2398,333,18
2398,105,6
2398,202,4
2398,282,19
2398,143,4
2398,13,5
2398,46,10
2398,27,14
2398,285,8
2398,99,42
2398,141,10
2398,344,15
2398,380,43
2398,107,5
2398,266,5
2398,248,8
2398,287,7
2398,121,5
2398,178,17
2398,209,8
2398,211,6
2398,310,17
2398,1,16
2398,304,7
2398,15,4
2398,197,15
2398,38,4
2398,335,8
2398,252,4
2398,200,8
2398,357,16
2398,33,9
2398,280,7
2398,166,21
2398,376,18
2398,232,5
2398,65,6
2398,8,14
2398,9,13
2398,305,19
2398,51,8
2398,50,24
2398,238,4
2398,332,6
2398,299,4
2398,270,23
2398,176,7
2398,91,4
2398,189,24
2398,7,5
2398,323,4
2398,60,15
2399,261,4
2399,16,6
2399,1,16
2399,248,4
2399,58,14
2399,99,11
2399,7,8
2399,187,8
2399,50,14
2399,323,7
2399,141,6
2399,178,11
2399,211,9
2399,3,6
2399,115,4
2399,108,4
2399,357,9
2399,319,5
2399,277,9
2399,118,11
2399,307,6
2399,282,5
2399,46,4
2399,349,4
2399,246,12
2399,166,6
2399,344,12
2399,177,21
2399,380,10
2399,376,11
2399,206,11
2399,332,5
2400,50,10
2400,216,15
2400,187,18
2400,298,14
2400,53,13
2400,344,14
2400,147,17
2400,337,17
2400,11,13
2400,200,14
2400,167,14
2400,130,14
2400,154,15
2400,305,14
2400,257,23
2400,142,18
2400,33,18
2400,282,14
2400,230,16
2400,46,14
2400,189,16
2400,166,18
2400,243,14
2400,16,14
2400,279,14
2400,118,16
2400,287,8
2400,277,14
2400,206,18
2400,170,15
2400,376,11
2400,99,16
2400,177,35
2400,285,14
2401,101,11
2401,280,4
2401,333,5
2401,330,15
2401,91,4
2401,94,7
2401,163,11
2401,142,4
2401,130,4
2401,307,12
2401,304,4
2401,154,4
2401,27,9
2401,344,4
2401,1,4
2401,50,11
2401,99,5
2401,380,10
2401,181,4
2401,293,4
2401,124,9
2401,38,5
2401,143,4
2401,183,4
2401,282,4
2401,55,6
2401,152,16
2401,340,6
2401,51,10
2401,305,12
2401,208,4
2401,271,6
2401,178,18
2401,376,8
2401,30,4
2401,255,6
2401,177,15
2402,177,23
2402,345,8
2403,309,5
2403,61,8
2403,277,17
2403,280,5
2403,1,14
2403,270,19
2403,54,5
2403,44,5
2403,94,7
2403,201,6
2403,33,9
2403,111,5
2403,198,11
2403,298,13
2403,287,24
2403,123,4
2403,30,17
2403,60,9
2403,305,49
2403,380,26
2403,157,13
2403,166,54
2403,344,17
2403,257,27
2403,319,8
2403,29,7
2403,230,20
2403,2,16
2403,206,19
2403,50,10
2403,9,7
2403,187,43
2403,215,10
2403,189,21
2403,141,13
2403,137,11
2403,236,15
2403,177,40
2403,246,17
2403,122,16
2403,243,8
2403,200,14
2403,282,19
2403,53,18
2403,318,7
2403,167,11
2403,142,26
2403,4,6
2403,116,4
2403,310,14
2403,147,22
2403,11,10
2403,62,6
2403,105,8
2403,99,41
2403,52,11
2403,27,4
2403,130,31
2403,311,8
2403,5,5
2403,209,8
2403,118,19
2403,197,16
2404,3,28
2404,307,6
2404,1,29
2404,147,5
2404,198,13
2404,294,4
2404,358,17
2404,39,4
2404,334,11
2404,118,148
2404,84,6
2404,383,19
2404,338,17
2404,105,8
2404,120,14
2404,379,26
2404,13,6
2404,141,11
2404,213,11
2404,160,14
2404,154,14
2404,299,43
2404,170,20
2404,59,12
2404,197,59
2404,155,11
2404,36,16
2404,238,54
2404,16,24
2404,391,4
2404,287,27
2404,266,13
2404,0,10
2404,298,27
2404,2,10
2404,211,82
2404,245,30
2404,193,12
2404,342,12
2404,369,8
2404,129,13
2404,72,10
2404,164,6
2404,277,70
2404,332,35
2404,107,49
2404,200,20
2404,251,18
2404,137,30
2404,236,4
2404,372,4
2404,166,29
2404,192,6
2404,206,124
2404,344,63
2404,376,25
2404,323,111
2404,202,11
2404,7,48
2404,248,8
2404,324,11
2404,380,7
2404,139,5
2404,300,18
2404,270,7
2404,122,29
2404,232,64
2404,46,33
2404,246,24
2404,115,18
2404,61,14
2404,250,33
2404,233,13
2404,357,65
2404,337,103
2404,310,57
2404,108,25
2404,291,18
2404,60,8
2404,261,18
2404,65,30
2404,94,5
2404,273,22
2404,281,27
2404,313,10
2404,282,30
2404,189,58
2404,235,22
2404,341,8
2404,5,7
2404,10,19
2404,285,28
2404,114,4
2404,79,15
2404,187,16
2404,33,27
2404,99,18
2404,130,19
2404,252,27
2404,177,36
2405,117,9
2405,309,8
2405,177,12
2406,310,20
2406,118,37
2406,270,24
2406,208,53
2406,39,14
2406,288,16
2406,170,18
2406,197,181
2406,254,17
2406,1,12
2406,45,21
2406,142,172
2406,16,13
2406,206,80
2406,233,14
2406,201,21
2406,380,12
2406,277,37
2406,375,20
2406,167,56
2406,311,29
2406,137,35
2406,11,13
2406,282,125
2406,187,86
2406,54,10
2406,357,12
2406,96,10
2406,313,31
2406,117,8
2406,8,16
2406,332,8
2406,285,22
2406,305,32
2406,198,18
2406,37,10
2406,105,23
2406,303,12
2406,53,34
2406,259,8
2406,123,10
2406,243,14
2406,10,10
2406,33,10
2406,279,10
2406,94,10
2406,20,8
2406,287,120
2406,273,10
2406,133,38
2406,154,23
2406,252,8
2406,200,59
2406,344,30
2406,294,15
2406,139,29
2406,147,55
2406,30,54
2406,46,26
2406,335,39
2406,215,12
2406,337,37
2406,268,11
2406,95,23
2406,122,65
2406,61,22
2406,157,52
2406,298,41
2406,5,39
2406,27,10
2406,13,8
2406,177,64
2406,2,31
2406,130,163
2406,141,17
2406,251,10
2406,257,28
2406,216,14
2406,72,9
2406,60,75
2406,99,40
2406,79,50
2406,230,21
2406,318,16
2406,189,72
2407,177,62
2407,257,73
2407,187,32
2407,53,45
2407,5,40
2407,123,26
2407,230,66
2407,206,35
2407,99,41
2407,11,45
2407,61,28
2407,200,30
2407,311,29
2407,141,29
2407,166,203
2407,215,28
2407,287,33
2407,27,26
2407,33,25
2407,147,45
2407,189,51
2407,142,74
2407,29,30
2408,177,72
2408,310,27
2408,344,26
2408,285,30
2408,187,42
2408,118,30
2408,277,25
2408,300,24
2408,273,24
2408,46,26
2408,99,33
2408,291,22
2408,245,22
2408,248,20
2408,16,27
2408,120,27
2408,376,50
2408,298,24
2408,65,24
2408,130,26
2408,202,26
2408,252,24
2408,206,40
2408,357,24
2408,282,27
2408,36,24
2408,200,27
2408,170,35
2408,211,24
2408,50,17
2408,33,26
2408,154,29
2408,108,37
2408,337,37
2408,115,36
2409,237,4
2409,350,4
2409,50,5
2410,197,6
2410,130,6
2410,147,6
2410,189,6
2410,209,7
2410,380,6
2410,206,6
2410,307,7
2410,236,8
2410,167,6
2410,166,14
2410,33,6
2410,99,9
2410,257,8
2410,270,8
2410,177,8
2410,277,8
2410,118,6
2410,310,6
2410,305,6
2410,187,12
2410,122,6
2411,24,6
2411,167,4
2411,138,6
2411,153,4
2411,217,6
2411,244,4
2411,243,5
2411,195,4
2411,73,10
2411,386,8
2411,48,4
2411,122,5
2411,168,9
2411,31,13
2411,236,13
2411,246,20
2411,305,70
2411,187,23
2411,345,6
2411,204,4
2411,310,14
2411,9,29
2411,118,12
2411,199,8
2411,200,15
2411,380,4
2411,59,4
2411,130,12
2411,221,4
2411,177,31
2411,142,6
2411,351,4
2411,197,19
2411,191,13
2411,41,23
2411,147,8
2411,206,15
2411,376,6
2411,362,10
2411,330,4
2411,28,16
2411,352,10
2411,189,4
2411,60,12
2411,335,16
2411,110,5
2411,265,4
2411,198,8
2411,251,17
2411,190,8
2411,326,6
2411,270,8
2411,169,4
2411,111,33
2411,225,4
2411,319,4
2411,298,8
2411,209,4
2411,357,44
2411,205,8
2411,7,7
2411,116,30
2411,366,10
2411,282,4
2411,321,9
2411,188,4
2411,52,75
2411,287,4
2411,53,4
2411,289,6
2411,97,4
2411,141,17
2411,239,21
2411,157,84
2411,104,4
2411,181,4
2411,296,5
2411,278,16
2411,159,9
2411,94,9
2411,297,7
2411,45,6
2411,84,8
2411,383,55
2411,214,4
2411,150,6
2411,1,24
2411,370,9
2411,277,20
2411,4,28
2411,151,15
2411,66,4
2411,257,48
2411,71,4
2411,286,19
2411,215,25
2411,230,15
2411,222,16
2411,3,8
2411,162,9
2411,128,4
2411,201,4
2411,344,5
2411,54,24
2411,152,4
2412,287,30
2412,189,45
2412,123,27
2412,166,92
2412,257,62
2412,61,29
2412,27,27
2412,177,61
2412,11,41
2412,33,28
2412,53,42
2412,29,28
2412,99,39
2412,142,28
2412,141,23
2412,230,54
2412,206,34
2413,26,10
2413,371,6
2413,177,10
2413,147,6
2413,318,10
2413,99,13
2413,311,10
2414,216,19
2414,287,57
2414,61,28
2414,166,137
2414,270,21
2414,79,30
2414,257,36
2414,200,43
2414,118,48
2414,105,16
2414,16,31
2414,130,62
2414,60,34
2414,46,35
2414,375,18
2414,5,30
2414,298,32
2414,99,47
2414,285,29
2414,2,24
2414,215,14
2414,189,67
2414,187,47
2414,277,46
2414,206,104
2414,198,19
2414,147,40
2414,376,22
2414,230,30
2414,30,24
2414,233,20
2414,142,72
2414,197,93
2414,141,21
2414,311,19
2414,170,28
2414,137,37
2414,154,22
2414,177,67
2414,139,21
2414,33,28
2414,167,22
2414,1,21
2414,344,32
2414,282,61
2414,337,57
2414,11,17
2414,122,44
2414,305,19
2414,53,25
2415,59,6
2415,129,6
2415,79,7
2415,65,9
2415,166,8
2415,232,8
2415,118,12
2415,300,11
2415,273,8
2415,287,6
2415,277,12
2415,189,8
2415,99,11
2415,36,8
2415,251,6
2415,115,14
2415,282,14
2415,211,10
2415,357,13
2415,130,8
2415,252,8
2415,46,8
2415,238,6
2415,200,8
2415,107,6
2415,332,8
2415,376,15
2415,285,12
2415,261,11
2415,197,14
2415,202,11
2415,108,15
2415,266,6
2415,341,4
2415,233,6
2415,170,14
2415,383,6
2415,177,20
2415,154,8
2415,337,21
2415,310,13
2415,323,8
2415,141,6
2415,250,6
2415,206,40
2415,137,9
2415,33,8
2415,3,6
2415,248,8
2415,299,6
2415,1,7
2415,246,11
2415,120,8
2415,187,9
2415,344,19
2415,122,6
2415,379,9
2416,49,38
2416,304,122
2416,177,47
2416,222,24
2416,349,27
2417,300,4
2417,232,4
2417,59,4
2417,79,4
2417,65,4
2417,118,9
2417,257,4
2417,129,7
2417,285,6
2417,107,4
2417,211,4
2417,61,5
2417,277,10
2417,147,4
2417,166,11
2417,99,11
2417,189,10
2417,46,7
2417,36,4
2417,115,7
2417,54,4
2417,252,4
2417,287,8
2417,130,15
2417,273,4
2417,298,5
2417,251,7
2417,238,4
2417,332,4
2417,187,11
2417,376,11
2417,383,4
2417,200,7
2417,261,4
2417,230,4
2417,310,9
2417,142,7
2417,108,9
2417,170,11
2417,154,6
2417,250,4
2417,177,19
2417,206,16
2417,337,7
2417,33,7
2417,120,4
2417,3,7
2417,167,7
2417,1,5
2417,344,4
2417,197,16
2417,137,4
2417,323,4
2417,357,7
2417,379,4
2417,122,7
2417,246,7
2417,202,6
2417,305,5
2417,299,4
2417,248,4
2418,142,16
2418,375,11
2418,166,48
2418,61,13
2418,187,16
2418,216,10
2418,257,11
2418,99,14
2418,206,36
2418,167,12
2418,177,15
2418,53,12
2418,230,11
2418,298,12
2419,50,6
2419,295,6
2419,242,6
2419,118,11
2419,302,9
2419,216,6
2419,90,9
2419,376,9
2419,187,22
2419,99,9
2419,258,6
2419,386,6
2419,177,29
2419,76,9
2419,167,9
2419,142,8
2419,108,4
2419,305,4
2419,120,4
2419,337,13
2419,253,6
2419,82,6
2419,154,11
2419,170,12
2419,310,6
2420,50,13
2420,177,21
2421,166,87
2421,232,12
2421,84,4
2421,79,26
2421,160,6
2421,65,7
2421,201,10
2421,277,35
2421,287,57
2421,61,16
2421,300,5
2421,139,19
2421,129,4
2421,99,22
2421,187,36
2421,285,13
2421,0,5
2421,118,66
2421,59,10
2421,8,4
2421,96,13
2421,2,20
2421,357,25
2421,254,15
2421,338,5
2421,7,24
2421,298,37
2421,273,11
2421,39,8
2421,115,6
2421,5,15
2421,37,13
2421,375,8
2421,211,24
2421,46,23
2421,252,12
2421,313,13
2421,95,10
2421,303,10
2421,105,5
2421,208,21
2421,200,26
2421,332,19
2421,147,21
2421,189,48
2421,270,11
2421,54,7
2421,238,6
2421,16,18
2421,130,54
2421,53,13
2421,383,4
2421,251,13
2421,167,22
2421,206,101
2421,310,43
2421,293,4
2421,266,5
2421,341,4
2421,233,10
2421,13,12
2421,376,9
2421,142,64
2421,335,26
2421,268,5
2421,307,4
2421,154,14
2421,170,20
2421,311,7
2421,380,9
2421,30,14
2421,108,6
2421,197,88
2421,261,10
2421,299,15
2421,72,13
2421,60,34
2421,248,4
2421,344,28
2421,133,18
2421,323,23
2421,202,4
2421,33,9
2421,294,16
2421,137,23
2421,3,8
2421,288,13
2421,10,18
2421,337,82
2421,157,29
2421,177,37
2421,120,4
2421,1,10
2421,20,7
2421,141,12
2421,305,14
2421,281,12
2421,122,35
2421,45,18
2421,379,4
2421,282,57
2421,246,9
2422,191,8
2422,305,17
2422,177,8
2422,29,14
2422,73,11
2422,1,8
2422,99,21
2422,385,12
2422,309,14
2422,4,34
2422,52,19
2423,54,8
2423,383,8
2423,174,8
2423,9,8
2423,257,12
2423,99,8
2423,52,8
2423,44,8
2423,230,8
2423,157,8
2423,12,8
2424,344,8
2424,330,6
2424,255,6
2424,270,4
2424,282,6
2424,340,4
2424,99,7
2424,50,9
2424,307,6
2424,305,6
2424,380,11
2424,256,6
2424,124,5
2424,163,4
2424,178,13
2424,118,4
2424,177,8
2424,189,4
2424,18,4
2424,15,5
2424,333,10
2424,152,17
2424,246,7
2424,130,6
2424,27,7
2425,246,31
2425,197,46
2425,1,29
2425,65,33
2425,285,33
2425,379,31
2425,250,36
2425,211,59
2425,137,33
2425,251,30
2425,108,32
2425,300,28
2425,299,39
2425,154,29
2425,202,27
2425,273,31
2425,122,29
2425,115,30
2425,170,31
2425,129,25
2425,277,50
2425,79,26
2425,46,39
2425,3,30
2425,206,106
2425,187,33
2425,357,55
2425,59,26
2425,107,34
2425,310,39
2425,344,46
2425,99,30
2425,323,58
2425,238,35
2425,130,30
2425,337,91
2425,232,38
2425,383,28
2425,332,36
2425,200,29
2425,36,25
2425,252,34
2425,120,29
2425,189,43
2425,118,57
2425,376,33
2425,287,35
2425,33,36
2425,177,46
2426,392,6
2426,257,8
2426,331,4
2426,230,7
2426,4,19
2426,307,4
2426,177,5
2426,89,4
2427,94,4
2427,99,4
2427,4,15
2427,230,6
2427,89,4
2427,257,10
2427,177,6
2428,305,19
2428,116,8
2428,380,9
2428,45,6
2428,282,8
2428,181,7
2428,189,6
2428,239,7
2428,300,7
2428,50,6
2428,54,7
2428,9,12
2428,344,7
2428,270,8
2428,330,6
2428,167,6
2428,209,6
2428,1,6
2428,142,7
2428,257,17
2428,30,8
2428,383,9
2428,230,8
2428,12,6
2428,310,7
2428,157,15
2428,335,6
2428,206,6
2428,222,6
2428,52,8
2428,307,6
2428,376,9
2428,130,9
2428,174,4
2428,326,6
2428,122,7
2428,44,4
2428,246,7
2428,60,8
2428,94,8
2428,190,7
2428,118,7
2428,339,7
2428,169,6
2428,152,7
2428,99,29
2428,277,6
2428,177,16
2428,357,6
2429,257,31
2429,123,9
2429,61,12
2429,198,7
2429,27,8
2429,311,10
2429,177,24
2429,166,36
2429,230,19
2429,46,8
2429,11,15
2429,208,6
2429,8,6
2429,305,12
2429,209,8
2429,53,15
2429,130,12
2429,298,6
2429,215,8
2429,277,15
2429,105,8
2429,318,10
2429,380,15
2429,147,19
2429,187,20
2429,2,6
2429,99,31
2429,285,7
2429,29,10
2429,270,12
2429,142,11
2429,206,10
2429,189,15
2429,33,8
2429,375,8
2429,137,7
2429,141,9
2429,337,9
2429,243,9
2429,282,7
2429,5,9
2430,356,4
2430,166,7
2430,370,5
2430,152,25
2430,257,27
2430,340,4
2430,366,7
2430,191,7
2430,45,10
2430,111,14
2430,94,17
2430,222,11
2430,243,4
2430,380,12
2430,326,7
2430,294,4
2430,230,8
2430,321,7
2430,236,7
2430,1,24
2430,50,14
2430,239,12
2430,265,4
2430,12,6
2430,168,6
2430,209,6
2430,344,10
2430,298,6
2430,159,8
2430,169,7
2430,296,4
2430,41,13
2430,147,5
2430,278,9
2430,25,4
2430,141,10
2430,393,4
2430,118,9
2430,206,11
2430,277,10
2430,177,25
2430,330,16
2430,116,15
2430,251,7
2430,130,14
2430,44,4
2430,122,9
2430,270,11
2430,335,8
2430,51,6
2430,198,6
2430,308,6
2430,60,9
2430,99,69
2430,300,7
2430,52,19
2430,307,8
2430,190,9
2430,339,10
2430,6,4
2430,101,5
2430,174,4
2430,187,8
2430,142,8
2430,246,18
2430,309,6
2430,310,14
2430,167,6
2430,157,31
2430,181,7
2430,54,12
2430,200,8
2430,271,4
2430,282,10
2430,383,25
2430,30,8
2430,357,15
2430,305,36
2430,189,13
2430,376,10
2430,2,4
2430,197,7
2430,9,19
2431,27,21
2431,309,10
2431,270,10
2431,99,10
2431,325,10
2431,207,15
2431,352,10
2431,380,13
2431,50,12
2431,165,10
2431,264,12
2432,187,73
2432,166,113
2432,189,29
2432,167,24
2432,53,22
2432,46,21
2432,157,30
2432,61,22
2432,230,22
2432,257,24
2432,216,25
2432,375,36
2432,60,31
2432,142,66
2432,298,24
2432,197,38
2433,122,17
2433,48,6
2433,308,6
2433,177,46
2433,3,12
2433,287,13
2433,270,12
2433,200,19
2433,168,8
2433,197,20
2433,289,7
2433,1,22
2433,25,6
2433,393,4
2433,4,4
2433,84,9
2433,174,6
2433,94,9
2433,62,6
2433,44,6
2433,54,20
2433,153,4
2433,53,4
2433,310,21
2433,309,6
2433,297,4
2433,282,16
2433,28,13
2433,141,22
2433,298,13
2433,215,15
2433,110,6
2433,159,9
2433,12,8
2433,204,6
2433,356,6
2433,206,35
2433,73,13
2433,248,8
2433,294,11
2433,152,6
2433,151,15
2433,383,39
2433,335,11
2433,115,9
2433,357,34
2433,265,4
2433,261,4
2433,246,18
2433,147,12
2433,7,11
2433,277,25
2433,30,6
2433,142,4
2433,344,21
2433,321,14
2433,41,17
2433,230,16
2433,362,10
2433,2,11
2433,286,13
2433,239,14
2433,386,12
2433,296,7
2433,59,15
2433,326,4
2433,199,5
2433,352,7
2433,188,4
2433,158,6
2433,116,23
2433,345,4
2433,60,16
2433,9,27
2433,305,60
2433,166,15
2433,31,8
2433,222,7
2433,236,12
2433,187,24
2433,52,52
2433,157,61
2433,376,19
2433,191,9
2433,323,10
2433,300,14
2433,367,4
2433,209,4
2433,198,7
2433,118,30
2433,108,12
2433,6,4
2433,339,6
2433,24,6
2433,99,68
2433,243,9
2433,251,19
2433,189,13
2433,380,11
2433,370,8
2433,278,20
2433,111,31
2433,257,43
2433,130,21
2434,2,11
2434,282,15
2434,157,33
2434,53,8
2434,9,18
2434,256,5
2434,198,8
2434,305,52
2434,243,11
2434,265,6
2434,30,9
2434,130,16
2434,289,4
2434,141,11
2434,326,12
2434,159,13
2434,6,8
2434,116,13
2434,335,8
2434,200,14
2434,366,7
2434,339,6
2434,152,16
2434,286,7
2434,386,8
2434,367,4
2434,344,13
2434,151,10
2434,310,14
2434,298,11
2434,308,6
2434,97,8
2434,270,14
2434,246,15
2434,362,4
2434,111,21
2434,73,12
2434,357,9
2434,257,44
2434,54,14
2434,1,18
2434,174,8
2434,4,7
2434,380,18
2434,60,9
2434,31,6
2434,166,13
2434,25,8
2434,239,9
2434,62,9
2434,122,4
2434,294,6
2434,44,8
2434,175,4
2434,94,8
2434,236,13
2434,167,4
2434,383,24
2434,278,16
2434,142,11
2434,61,4
2434,197,9
2434,128,6
2434,318,7
2434,321,13
2434,190,6
2434,199,4
2434,277,14
2434,204,6
2434,356,8
2434,393,8
2434,309,7
2434,329,5
2434,376,7
2434,311,4
2434,28,6
2434,206,7
2434,300,9
2434,351,6
2434,215,10
2434,147,16
2434,52,28
2434,214,4
2434,191,14
2434,41,20
2434,158,14
2434,350,5
2434,370,8
2434,153,7
2434,221,4
2434,187,19
2434,230,14
2434,118,12
2434,110,6
2434,168,9
2434,12,8
2434,177,45
2434,222,4
2434,50,5
2434,48,4
2434,99,92
2434,296,11
2435,50,17
2435,105,13
2435,337,14
2435,197,13
2435,380,22
2435,182,10
2435,130,8
2435,344,12
2435,187,12
2436,258,6
2436,277,9
2436,50,7
2436,170,25
2436,273,12
2436,46,7
2436,187,64
2436,326,6
2436,291,6
2436,99,6
2436,344,10
2436,337,29
2436,40,6
2436,279,15
2436,243,11
2436,354,8
2436,295,4
2436,33,6
2436,310,26
2436,216,14
2436,305,8
2436,167,13
2436,54,6
2436,115,6
2436,211,6
2436,376,28
2436,206,23
2436,285,43
2436,142,27
2436,202,11
2436,200,6
2436,36,7
2436,130,6
2436,282,4
2436,108,22
2436,76,12
2436,26,7
2436,118,41
2436,82,6
2436,113,4
2436,357,4
2436,236,19
2436,90,12
2436,147,12
2436,77,4
2436,177,29
2436,16,15
2436,154,23
2436,242,9
2436,65,8
2436,18,6
2436,245,6
2437,166,118
2437,147,24
2437,142,46
2437,257,39
2438,94,8
2438,293,12
2438,330,15
2438,152,16
2438,51,13
2438,255,12
2438,178,15
2438,181,12
2438,271,8
2438,27,8
2438,163,13
2438,101,10
2438,177,9
2438,124,8
2438,340,8
2439,350,6
2439,236,8
2439,337,10
2439,33,4
2439,142,4
2439,118,8
2439,130,6
2439,206,4
2439,147,6
2439,342,5
2439,154,9
2439,304,10
2439,177,15
2439,115,4
2439,380,11
2439,277,4
2439,167,4
2439,295,4
2439,305,9
2439,344,8
2439,99,11
2439,28,4
2439,187,13
2439,127,5
2439,63,4
2439,310,10
2439,50,16
2440,3,10
2440,216,10
2440,53,6
2440,60,12
2440,310,20
2440,206,21
2440,277,18
2440,332,8
2440,197,40
2440,122,12
2440,187,19
2440,298,14
2440,261,7
2440,230,6
2440,166,33
2440,2,10
2440,108,14
2440,33,11
2440,46,19
2440,375,8
2440,177,20
2440,294,14
2440,130,10
2440,287,13
2440,248,8
2440,61,14
2440,189,13
2440,257,6
2440,307,11
2440,118,26
2440,337,22
2440,251,10
2440,200,10
2440,357,14
2440,129,10
2440,115,8
2440,142,18
2440,167,10
2440,99,13
2440,376,8
2440,282,15
2441,79,17
2441,273,10
2441,338,10
2441,187,10
2441,391,10
2441,13,10
2441,342,10
2441,246,11
2441,238,10
2441,376,10
2441,379,10
2441,107,10
2441,96,10
2441,277,10
2441,337,11
2441,261,13
2441,344,10
2441,118,14
2441,232,10
2441,211,10
2441,108,8
2441,177,12
2441,37,10
2441,287,11
2441,383,11
2441,206,13
2441,7,10
2441,285,10
2441,115,8
2441,294,16
2441,59,10
2441,303,12
2441,300,10
2441,369,10
2441,154,14
2441,248,8
2441,310,14
2441,170,14
2441,46,16
2441,357,10
2441,122,10
2441,166,17
2441,197,16
2441,323,10
2441,72,10
2441,99,10
2441,10,10
2441,332,12
2441,252,10
2441,251,10
2441,142,4
2442,257,14
2442,147,6
2442,61,4
2442,99,11
2442,270,5
2442,177,8
2442,9,9
2442,122,6
2443,287,59
2443,257,53
2443,166,284
2443,79,36
2443,201,19
2443,187,61
2443,2,37
2443,285,48
2443,118,39
2443,198,29
2443,115,22
2443,123,22
2443,39,26
2443,216,22
2443,16,51
2443,189,68
2443,200,50
2443,29,14
2443,60,36
2443,46,43
2443,61,46
2443,5,61
2443,298,39
2443,99,62
2443,215,22
2443,177,110
2443,277,52
2443,208,23
2443,243,16
2443,147,54
2443,130,50
2443,142,114
2443,30,32
2443,108,24
2443,233,35
2443,282,97
2443,230,49
2443,311,31
2443,376,26
2443,310,18
2443,380,26
2443,197,73
2443,53,40
2443,11,31
2443,154,29
2443,170,45
2443,206,111
2443,27,22
2443,344,37
2443,137,50
2443,33,36
2443,1,26
2443,337,58
2443,141,44
2443,122,45
2443,139,29
2443,248,20
2444,166,47
2444,99,26
2444,61,16
2444,187,21
2444,118,33
2444,60,14
2444,5,13
2444,29,14
2444,46,15
2444,287,17
2444,298,16
2444,257,26
2444,189,26
2444,277,20
2444,2,13
2444,230,27
2444,142,16
2444,282,15
2444,170,16
2444,177,44
2444,197,19
2444,380,14
2444,337,30
2444,206,30
2444,53,17
2444,141,15
2444,122,14
2444,11,17
2444,200,15
2444,33,17
2444,130,17
2445,147,12
2445,160,13
2445,79,30
2445,166,19
2445,245,21
2445,141,12
2445,61,16
2445,2,14
2445,84,10
2445,287,53
2445,107,55
2445,277,74
2445,198,10
2445,187,50
2445,285,28
2445,0,10
2445,118,85
2445,59,23
2445,96,8
2445,192,6
2445,54,9
2445,298,45
2445,189,75
2445,300,16
2445,232,53
2445,60,28
2445,129,18
2445,46,40
2445,36,16
2445,334,11
2445,115,18
2445,5,15
2445,39,10
2445,65,33
2445,99,30
2445,211,80
2445,357,80
2445,7,68
2445,252,31
2445,130,57
2445,273,26
2445,200,29
2445,238,45
2445,16,22
2445,313,25
2445,332,44
2445,248,8
2445,338,20
2445,10,29
2445,324,15
2445,251,23
2445,261,15
2445,206,132
2445,310,67
2445,266,10
2445,383,20
2445,233,14
2445,13,12
2445,341,8
2445,307,6
2445,37,8
2445,108,26
2445,380,10
2445,170,26
2445,154,23
2445,250,26
2445,155,9
2445,391,6
2445,376,24
2445,72,17
2445,197,106
2445,282,47
2445,369,9
2445,177,48
2445,379,20
2445,342,14
2445,202,13
2445,294,16
2445,344,71
2445,137,43
2445,3,28
2445,337,94
2445,33,27
2445,323,54
2445,193,13
2445,281,30
2445,246,25
2445,122,46
2445,291,12
2445,299,45
2445,139,17
2445,120,33
2445,1,32
2446,94,4
2446,326,8
2446,61,10
2446,79,7
2446,201,13
2446,277,19
2446,257,14
2446,209,6
2446,118,17
2446,200,18
2446,187,73
2446,327,6
2446,285,6
2446,287,74
2446,8,6
2446,95,14
2446,270,14
2446,198,5
2446,189,29
2446,60,36
2446,46,17
2446,216,10
2446,375,22
2446,5,11
2446,298,22
2446,129,5
2446,105,13
2446,313,8
2446,357,7
2446,130,71
2446,318,4
2446,54,8
2446,2,15
2446,303,33
2446,208,31
2446,99,21
2446,147,23
2446,251,5
2446,282,42
2446,177,27
2446,311,15
2446,230,10
2446,206,42
2446,310,8
2446,167,24
2446,307,6
2446,30,16
2446,335,15
2446,154,10
2446,197,84
2446,108,6
2446,157,18
2446,137,10
2446,223,6
2446,139,11
2446,133,24
2446,203,10
2446,45,5
2446,33,8
2446,243,4
2446,294,5
2446,142,80
2446,3,10
2446,18,5
2446,344,12
2446,53,16
2446,337,15
2446,1,4
2446,141,4
2446,236,8
2446,122,31
2446,305,21
